
*** Running vivado
    with args -log design_1_wrapper.vds -m64 -product Vivado -mode batch -messageDb vivado.pb -notrace -source design_1_wrapper.tcl


****** Vivado v2025.2 (64-bit)
  **** SW Build 6299465 on Fri Nov 14 12:34:56 MST 2025
  **** IP Build 6300035 on Fri Nov 14 10:48:45 MST 2025
  **** SharedData Build 6298862 on Thu Nov 13 04:50:51 MST 2025
  **** Start of session at: Thu Aug 13 16:57:54 2026
    ** Copyright 1986-2022 Xilinx, Inc. All Rights Reserved.
    ** Copyright 2022-2025 Advanced Micro Devices, Inc. All Rights Reserved.

WARNING: [Runs 36-547] User Strategy 'Vivado Implementation Defaults' from file '/home/kokunev/.Xilinx/Vivado/2025.2/strategies/Vivado Implementation Defaults.Vivado Implementation 2025.psg' discarded because strategy with same name already parsed from '/opt/Xilinx_2/2025.2/Vivado/strategies/VDI2025.psg'
WARNING: [Runs 36-547] User Strategy 'Vivado Implementation Defaults' from file '/home/kokunev/.Xilinx/Vivado/2025.2/strategies/Vivado Implementation Defaults_2.Vivado Implementation 2025.psg' discarded because strategy with same name already parsed from '/opt/Xilinx_2/2025.2/Vivado/strategies/VDI2025.psg'
source design_1_wrapper.tcl -notrace
INFO: [IP_Flow 19-234] Refreshing IP repositories
INFO: [IP_Flow 19-1704] No user IP repositories specified
INFO: [IP_Flow 19-2313] Loaded Vivado IP repository '/opt/Xilinx_2/2025.2/data/ip'.
INFO: [Project 1-5698] Found the below utility IPs instantiated in block design /home/kokunev/data/git_root/alinx/alinx_streamer_1/alinx_pcie_axi_1/alinx_pcie_axi_1.srcs/sources_1/bd/design_1/design_1.bd which have equivalent inline hdl with improved performance and reduced diskspace.
It is recommended to migrate these utility IPs to inline hdl  using the command upgrade_project -migrate_to_inline_hdl.  The utility IPs may be deprecated in future releases.
More information on inline hdl is available in UG994.
Utility IP Component Instances:
 design_1_xlconcat_0_0
design_1_xlconstant_1_0
design_1_xlslice_0_0
Command: read_checkpoint -auto_incremental -incremental /home/kokunev/data/git_root/alinx/alinx_streamer_1/alinx_pcie_axi_1/alinx_pcie_axi_1.srcs/utils_1/imports/synth_1/design_1_wrapper.dcp
INFO: [Vivado 12-5825] Read reference checkpoint from /home/kokunev/data/git_root/alinx/alinx_streamer_1/alinx_pcie_axi_1/alinx_pcie_axi_1.srcs/utils_1/imports/synth_1/design_1_wrapper.dcp for incremental synthesis
INFO: [Vivado 12-7989] Please ensure there are no constraint changes
Command: synth_design -top design_1_wrapper -part xc7a200tfbg484-2
Starting synth_design
Attempting to get a license for feature 'Synthesis' and/or device 'xc7a200t'
INFO: [Common 17-349] Got license for feature 'Synthesis' and/or device 'xc7a200t'
INFO: [Device 21-403] Loading part xc7a200tfbg484-2
INFO: [Synth 8-7079] Multithreading enabled for synth_design using a maximum of 7 processes.
INFO: [Synth 8-7078] Launching helper process for spawning children vivado processes
INFO: [Synth 8-7075] Helper process launched with PID 146828
---------------------------------------------------------------------------------
Starting RTL Elaboration : Time (s): cpu = 00:00:05 ; elapsed = 00:00:06 . Memory (MB): peak = 2309.508 ; gain = 481.875 ; free physical = 43330 ; free virtual = 57995
---------------------------------------------------------------------------------
INFO: [Synth 8-11241] undeclared symbol 'RdDeQ', assumed default net type 'wire' [/home/kokunev/data/git_root/alinx/alinx_streamer_1/alinx_pcie_axi_1/alinx_pcie_axi_1.gen/sources_1/bd/design_1/ipshared/d6c9/hdl/verilog/axidma_fifo.vh:179]
INFO: [Synth 8-11241] undeclared symbol 'cfg_config_space_enable', assumed default net type 'wire' [/home/kokunev/data/git_root/alinx/alinx_streamer_1/alinx_pcie_axi_1/alinx_pcie_axi_1.gen/sources_1/bd/design_1/ip/design_1_xdma_0_0/xdma_v4_2/hdl/verilog/design_1_xdma_0_0_core_top.sv:4347]
INFO: [Synth 8-11241] undeclared symbol 'cfg_hot_reset_in', assumed default net type 'wire' [/home/kokunev/data/git_root/alinx/alinx_streamer_1/alinx_pcie_axi_1/alinx_pcie_axi_1.gen/sources_1/bd/design_1/ip/design_1_xdma_0_0/xdma_v4_2/hdl/verilog/design_1_xdma_0_0_core_top.sv:4348]
INFO: [Synth 8-11241] undeclared symbol 'usr_irq_fail', assumed default net type 'wire' [/home/kokunev/data/git_root/alinx/alinx_streamer_1/alinx_pcie_axi_1/alinx_pcie_axi_1.gen/sources_1/bd/design_1/ip/design_1_xdma_0_0/xdma_v4_2/hdl/verilog/design_1_xdma_0_0_core_top.sv:4838]
INFO: [Synth 8-11241] undeclared symbol 'tms_int', assumed default net type 'wire' [/home/kokunev/data/git_root/alinx/alinx_streamer_1/alinx_pcie_axi_1/alinx_pcie_axi_1.gen/sources_1/bd/design_1/ipshared/0568/hdl/verilog/xsdbm_v3_0_5_bs_core_ext.vh:30]
INFO: [Synth 8-11241] undeclared symbol 'runtest_int', assumed default net type 'wire' [/home/kokunev/data/git_root/alinx/alinx_streamer_1/alinx_pcie_axi_1/alinx_pcie_axi_1.gen/sources_1/bd/design_1/ipshared/0568/hdl/verilog/xsdbm_v3_0_5_bs_core_ext.vh:32]
INFO: [Synth 8-11241] undeclared symbol 'tms_int', assumed default net type 'wire' [/home/kokunev/data/git_root/alinx/alinx_streamer_1/alinx_pcie_axi_1/alinx_pcie_axi_1.gen/sources_1/bd/design_1/ipshared/0568/hdl/verilog/xsdbm_v3_0_5_bs_core_ext.vh:69]
INFO: [Synth 8-11241] undeclared symbol 'runtest_int', assumed default net type 'wire' [/home/kokunev/data/git_root/alinx/alinx_streamer_1/alinx_pcie_axi_1/alinx_pcie_axi_1.gen/sources_1/bd/design_1/ipshared/0568/hdl/verilog/xsdbm_v3_0_5_bs_core_ext.vh:71]
INFO: [Synth 8-11241] undeclared symbol 'tms_int', assumed default net type 'wire' [/home/kokunev/data/git_root/alinx/alinx_streamer_1/alinx_pcie_axi_1/alinx_pcie_axi_1.gen/sources_1/bd/design_1/ipshared/0568/hdl/verilog/xsdbm_v3_0_5_bs_core_ext.vh:109]
INFO: [Synth 8-11241] undeclared symbol 'runtest_int', assumed default net type 'wire' [/home/kokunev/data/git_root/alinx/alinx_streamer_1/alinx_pcie_axi_1/alinx_pcie_axi_1.gen/sources_1/bd/design_1/ipshared/0568/hdl/verilog/xsdbm_v3_0_5_bs_core_ext.vh:111]
INFO: [Synth 8-11241] undeclared symbol 'tms_int', assumed default net type 'wire' [/home/kokunev/data/git_root/alinx/alinx_streamer_1/alinx_pcie_axi_1/alinx_pcie_axi_1.gen/sources_1/bd/design_1/ipshared/0568/hdl/verilog/xsdbm_v3_0_5_bs_core_ext.vh:150]
INFO: [Synth 8-11241] undeclared symbol 'runtest_int', assumed default net type 'wire' [/home/kokunev/data/git_root/alinx/alinx_streamer_1/alinx_pcie_axi_1/alinx_pcie_axi_1.gen/sources_1/bd/design_1/ipshared/0568/hdl/verilog/xsdbm_v3_0_5_bs_core_ext.vh:152]
INFO: [Synth 8-11241] undeclared symbol 'tms_int', assumed default net type 'wire' [/home/kokunev/data/git_root/alinx/alinx_streamer_1/alinx_pcie_axi_1/alinx_pcie_axi_1.gen/sources_1/bd/design_1/ipshared/0568/hdl/verilog/xsdbm_v3_0_5_bs_core_ext.vh:192]
INFO: [Synth 8-11241] undeclared symbol 'runtest_int', assumed default net type 'wire' [/home/kokunev/data/git_root/alinx/alinx_streamer_1/alinx_pcie_axi_1/alinx_pcie_axi_1.gen/sources_1/bd/design_1/ipshared/0568/hdl/verilog/xsdbm_v3_0_5_bs_core_ext.vh:194]
INFO: [Synth 8-11241] undeclared symbol 'tms_int', assumed default net type 'wire' [/home/kokunev/data/git_root/alinx/alinx_streamer_1/alinx_pcie_axi_1/alinx_pcie_axi_1.gen/sources_1/bd/design_1/ipshared/0568/hdl/verilog/xsdbm_v3_0_5_bs_core_ext.vh:235]
INFO: [Synth 8-11241] undeclared symbol 'runtest_int', assumed default net type 'wire' [/home/kokunev/data/git_root/alinx/alinx_streamer_1/alinx_pcie_axi_1/alinx_pcie_axi_1.gen/sources_1/bd/design_1/ipshared/0568/hdl/verilog/xsdbm_v3_0_5_bs_core_ext.vh:237]
INFO: [Synth 8-11241] undeclared symbol 'tms_int', assumed default net type 'wire' [/home/kokunev/data/git_root/alinx/alinx_streamer_1/alinx_pcie_axi_1/alinx_pcie_axi_1.gen/sources_1/bd/design_1/ipshared/0568/hdl/verilog/xsdbm_v3_0_5_bs_core_ext.vh:279]
INFO: [Synth 8-11241] undeclared symbol 'runtest_int', assumed default net type 'wire' [/home/kokunev/data/git_root/alinx/alinx_streamer_1/alinx_pcie_axi_1/alinx_pcie_axi_1.gen/sources_1/bd/design_1/ipshared/0568/hdl/verilog/xsdbm_v3_0_5_bs_core_ext.vh:281]
INFO: [Synth 8-11241] undeclared symbol 'tms_int', assumed default net type 'wire' [/home/kokunev/data/git_root/alinx/alinx_streamer_1/alinx_pcie_axi_1/alinx_pcie_axi_1.gen/sources_1/bd/design_1/ipshared/0568/hdl/verilog/xsdbm_v3_0_5_bs_core_ext.vh:324]
INFO: [Synth 8-11241] undeclared symbol 'runtest_int', assumed default net type 'wire' [/home/kokunev/data/git_root/alinx/alinx_streamer_1/alinx_pcie_axi_1/alinx_pcie_axi_1.gen/sources_1/bd/design_1/ipshared/0568/hdl/verilog/xsdbm_v3_0_5_bs_core_ext.vh:326]
INFO: [Synth 8-11241] undeclared symbol 'tms_int', assumed default net type 'wire' [/home/kokunev/data/git_root/alinx/alinx_streamer_1/alinx_pcie_axi_1/alinx_pcie_axi_1.gen/sources_1/bd/design_1/ipshared/0568/hdl/verilog/xsdbm_v3_0_5_bs_core_ext.vh:370]
INFO: [Synth 8-11241] undeclared symbol 'runtest_int', assumed default net type 'wire' [/home/kokunev/data/git_root/alinx/alinx_streamer_1/alinx_pcie_axi_1/alinx_pcie_axi_1.gen/sources_1/bd/design_1/ipshared/0568/hdl/verilog/xsdbm_v3_0_5_bs_core_ext.vh:372]
INFO: [Synth 8-11241] undeclared symbol 'tms_int', assumed default net type 'wire' [/home/kokunev/data/git_root/alinx/alinx_streamer_1/alinx_pcie_axi_1/alinx_pcie_axi_1.gen/sources_1/bd/design_1/ipshared/0568/hdl/verilog/xsdbm_v3_0_5_bs_core_ext.vh:417]
INFO: [Synth 8-11241] undeclared symbol 'runtest_int', assumed default net type 'wire' [/home/kokunev/data/git_root/alinx/alinx_streamer_1/alinx_pcie_axi_1/alinx_pcie_axi_1.gen/sources_1/bd/design_1/ipshared/0568/hdl/verilog/xsdbm_v3_0_5_bs_core_ext.vh:419]
INFO: [Synth 8-11241] undeclared symbol 'tms_int', assumed default net type 'wire' [/home/kokunev/data/git_root/alinx/alinx_streamer_1/alinx_pcie_axi_1/alinx_pcie_axi_1.gen/sources_1/bd/design_1/ipshared/0568/hdl/verilog/xsdbm_v3_0_5_bs_core_ext.vh:465]
INFO: [Synth 8-11241] undeclared symbol 'runtest_int', assumed default net type 'wire' [/home/kokunev/data/git_root/alinx/alinx_streamer_1/alinx_pcie_axi_1/alinx_pcie_axi_1.gen/sources_1/bd/design_1/ipshared/0568/hdl/verilog/xsdbm_v3_0_5_bs_core_ext.vh:467]
INFO: [Synth 8-11241] undeclared symbol 'tms_int', assumed default net type 'wire' [/home/kokunev/data/git_root/alinx/alinx_streamer_1/alinx_pcie_axi_1/alinx_pcie_axi_1.gen/sources_1/bd/design_1/ipshared/0568/hdl/verilog/xsdbm_v3_0_5_bs_core_ext.vh:514]
INFO: [Synth 8-11241] undeclared symbol 'runtest_int', assumed default net type 'wire' [/home/kokunev/data/git_root/alinx/alinx_streamer_1/alinx_pcie_axi_1/alinx_pcie_axi_1.gen/sources_1/bd/design_1/ipshared/0568/hdl/verilog/xsdbm_v3_0_5_bs_core_ext.vh:516]
INFO: [Synth 8-11241] undeclared symbol 'tms_int', assumed default net type 'wire' [/home/kokunev/data/git_root/alinx/alinx_streamer_1/alinx_pcie_axi_1/alinx_pcie_axi_1.gen/sources_1/bd/design_1/ipshared/0568/hdl/verilog/xsdbm_v3_0_5_bs_core_ext.vh:564]
INFO: [Synth 8-11241] undeclared symbol 'runtest_int', assumed default net type 'wire' [/home/kokunev/data/git_root/alinx/alinx_streamer_1/alinx_pcie_axi_1/alinx_pcie_axi_1.gen/sources_1/bd/design_1/ipshared/0568/hdl/verilog/xsdbm_v3_0_5_bs_core_ext.vh:566]
INFO: [Synth 8-11241] undeclared symbol 'tms_int', assumed default net type 'wire' [/home/kokunev/data/git_root/alinx/alinx_streamer_1/alinx_pcie_axi_1/alinx_pcie_axi_1.gen/sources_1/bd/design_1/ipshared/0568/hdl/verilog/xsdbm_v3_0_5_bs_core_ext.vh:615]
INFO: [Synth 8-11241] undeclared symbol 'runtest_int', assumed default net type 'wire' [/home/kokunev/data/git_root/alinx/alinx_streamer_1/alinx_pcie_axi_1/alinx_pcie_axi_1.gen/sources_1/bd/design_1/ipshared/0568/hdl/verilog/xsdbm_v3_0_5_bs_core_ext.vh:617]
INFO: [Synth 8-11241] undeclared symbol 'tms_int', assumed default net type 'wire' [/home/kokunev/data/git_root/alinx/alinx_streamer_1/alinx_pcie_axi_1/alinx_pcie_axi_1.gen/sources_1/bd/design_1/ipshared/0568/hdl/verilog/xsdbm_v3_0_5_bs_core.vh:30]
INFO: [Synth 8-11241] undeclared symbol 'runtest_int', assumed default net type 'wire' [/home/kokunev/data/git_root/alinx/alinx_streamer_1/alinx_pcie_axi_1/alinx_pcie_axi_1.gen/sources_1/bd/design_1/ipshared/0568/hdl/verilog/xsdbm_v3_0_5_bs_core.vh:32]
INFO: [Synth 8-11241] undeclared symbol 'tms_int', assumed default net type 'wire' [/home/kokunev/data/git_root/alinx/alinx_streamer_1/alinx_pcie_axi_1/alinx_pcie_axi_1.gen/sources_1/bd/design_1/ipshared/0568/hdl/verilog/xsdbm_v3_0_5_bs_core.vh:69]
INFO: [Synth 8-11241] undeclared symbol 'runtest_int', assumed default net type 'wire' [/home/kokunev/data/git_root/alinx/alinx_streamer_1/alinx_pcie_axi_1/alinx_pcie_axi_1.gen/sources_1/bd/design_1/ipshared/0568/hdl/verilog/xsdbm_v3_0_5_bs_core.vh:71]
INFO: [Synth 8-11241] undeclared symbol 'tms_int', assumed default net type 'wire' [/home/kokunev/data/git_root/alinx/alinx_streamer_1/alinx_pcie_axi_1/alinx_pcie_axi_1.gen/sources_1/bd/design_1/ipshared/0568/hdl/verilog/xsdbm_v3_0_5_bs_core.vh:109]
INFO: [Synth 8-11241] undeclared symbol 'runtest_int', assumed default net type 'wire' [/home/kokunev/data/git_root/alinx/alinx_streamer_1/alinx_pcie_axi_1/alinx_pcie_axi_1.gen/sources_1/bd/design_1/ipshared/0568/hdl/verilog/xsdbm_v3_0_5_bs_core.vh:111]
INFO: [Synth 8-11241] undeclared symbol 'tms_int', assumed default net type 'wire' [/home/kokunev/data/git_root/alinx/alinx_streamer_1/alinx_pcie_axi_1/alinx_pcie_axi_1.gen/sources_1/bd/design_1/ipshared/0568/hdl/verilog/xsdbm_v3_0_5_bs_core.vh:150]
INFO: [Synth 8-11241] undeclared symbol 'runtest_int', assumed default net type 'wire' [/home/kokunev/data/git_root/alinx/alinx_streamer_1/alinx_pcie_axi_1/alinx_pcie_axi_1.gen/sources_1/bd/design_1/ipshared/0568/hdl/verilog/xsdbm_v3_0_5_bs_core.vh:152]
INFO: [Synth 8-11241] undeclared symbol 'tms_int', assumed default net type 'wire' [/home/kokunev/data/git_root/alinx/alinx_streamer_1/alinx_pcie_axi_1/alinx_pcie_axi_1.gen/sources_1/bd/design_1/ipshared/0568/hdl/verilog/xsdbm_v3_0_5_bs_core.vh:192]
INFO: [Synth 8-11241] undeclared symbol 'runtest_int', assumed default net type 'wire' [/home/kokunev/data/git_root/alinx/alinx_streamer_1/alinx_pcie_axi_1/alinx_pcie_axi_1.gen/sources_1/bd/design_1/ipshared/0568/hdl/verilog/xsdbm_v3_0_5_bs_core.vh:194]
INFO: [Synth 8-11241] undeclared symbol 'tms_int', assumed default net type 'wire' [/home/kokunev/data/git_root/alinx/alinx_streamer_1/alinx_pcie_axi_1/alinx_pcie_axi_1.gen/sources_1/bd/design_1/ipshared/0568/hdl/verilog/xsdbm_v3_0_5_bs_core.vh:235]
INFO: [Synth 8-11241] undeclared symbol 'runtest_int', assumed default net type 'wire' [/home/kokunev/data/git_root/alinx/alinx_streamer_1/alinx_pcie_axi_1/alinx_pcie_axi_1.gen/sources_1/bd/design_1/ipshared/0568/hdl/verilog/xsdbm_v3_0_5_bs_core.vh:237]
INFO: [Synth 8-11241] undeclared symbol 'tms_int', assumed default net type 'wire' [/home/kokunev/data/git_root/alinx/alinx_streamer_1/alinx_pcie_axi_1/alinx_pcie_axi_1.gen/sources_1/bd/design_1/ipshared/0568/hdl/verilog/xsdbm_v3_0_5_bs_core.vh:279]
INFO: [Synth 8-11241] undeclared symbol 'runtest_int', assumed default net type 'wire' [/home/kokunev/data/git_root/alinx/alinx_streamer_1/alinx_pcie_axi_1/alinx_pcie_axi_1.gen/sources_1/bd/design_1/ipshared/0568/hdl/verilog/xsdbm_v3_0_5_bs_core.vh:281]
INFO: [Synth 8-11241] undeclared symbol 'tms_int', assumed default net type 'wire' [/home/kokunev/data/git_root/alinx/alinx_streamer_1/alinx_pcie_axi_1/alinx_pcie_axi_1.gen/sources_1/bd/design_1/ipshared/0568/hdl/verilog/xsdbm_v3_0_5_bs_core.vh:324]
INFO: [Synth 8-11241] undeclared symbol 'runtest_int', assumed default net type 'wire' [/home/kokunev/data/git_root/alinx/alinx_streamer_1/alinx_pcie_axi_1/alinx_pcie_axi_1.gen/sources_1/bd/design_1/ipshared/0568/hdl/verilog/xsdbm_v3_0_5_bs_core.vh:326]
INFO: [Synth 8-11241] undeclared symbol 'tms_int', assumed default net type 'wire' [/home/kokunev/data/git_root/alinx/alinx_streamer_1/alinx_pcie_axi_1/alinx_pcie_axi_1.gen/sources_1/bd/design_1/ipshared/0568/hdl/verilog/xsdbm_v3_0_5_bs_core.vh:370]
INFO: [Synth 8-11241] undeclared symbol 'runtest_int', assumed default net type 'wire' [/home/kokunev/data/git_root/alinx/alinx_streamer_1/alinx_pcie_axi_1/alinx_pcie_axi_1.gen/sources_1/bd/design_1/ipshared/0568/hdl/verilog/xsdbm_v3_0_5_bs_core.vh:372]
INFO: [Synth 8-11241] undeclared symbol 'tms_int', assumed default net type 'wire' [/home/kokunev/data/git_root/alinx/alinx_streamer_1/alinx_pcie_axi_1/alinx_pcie_axi_1.gen/sources_1/bd/design_1/ipshared/0568/hdl/verilog/xsdbm_v3_0_5_bs_core.vh:417]
INFO: [Synth 8-11241] undeclared symbol 'runtest_int', assumed default net type 'wire' [/home/kokunev/data/git_root/alinx/alinx_streamer_1/alinx_pcie_axi_1/alinx_pcie_axi_1.gen/sources_1/bd/design_1/ipshared/0568/hdl/verilog/xsdbm_v3_0_5_bs_core.vh:419]
INFO: [Synth 8-11241] undeclared symbol 'tms_int', assumed default net type 'wire' [/home/kokunev/data/git_root/alinx/alinx_streamer_1/alinx_pcie_axi_1/alinx_pcie_axi_1.gen/sources_1/bd/design_1/ipshared/0568/hdl/verilog/xsdbm_v3_0_5_bs_core.vh:465]
INFO: [Synth 8-11241] undeclared symbol 'runtest_int', assumed default net type 'wire' [/home/kokunev/data/git_root/alinx/alinx_streamer_1/alinx_pcie_axi_1/alinx_pcie_axi_1.gen/sources_1/bd/design_1/ipshared/0568/hdl/verilog/xsdbm_v3_0_5_bs_core.vh:467]
INFO: [Synth 8-11241] undeclared symbol 'tms_int', assumed default net type 'wire' [/home/kokunev/data/git_root/alinx/alinx_streamer_1/alinx_pcie_axi_1/alinx_pcie_axi_1.gen/sources_1/bd/design_1/ipshared/0568/hdl/verilog/xsdbm_v3_0_5_bs_core.vh:514]
INFO: [Synth 8-11241] undeclared symbol 'runtest_int', assumed default net type 'wire' [/home/kokunev/data/git_root/alinx/alinx_streamer_1/alinx_pcie_axi_1/alinx_pcie_axi_1.gen/sources_1/bd/design_1/ipshared/0568/hdl/verilog/xsdbm_v3_0_5_bs_core.vh:516]
INFO: [Synth 8-11241] undeclared symbol 'tms_int', assumed default net type 'wire' [/home/kokunev/data/git_root/alinx/alinx_streamer_1/alinx_pcie_axi_1/alinx_pcie_axi_1.gen/sources_1/bd/design_1/ipshared/0568/hdl/verilog/xsdbm_v3_0_5_bs_core.vh:564]
INFO: [Synth 8-11241] undeclared symbol 'runtest_int', assumed default net type 'wire' [/home/kokunev/data/git_root/alinx/alinx_streamer_1/alinx_pcie_axi_1/alinx_pcie_axi_1.gen/sources_1/bd/design_1/ipshared/0568/hdl/verilog/xsdbm_v3_0_5_bs_core.vh:566]
INFO: [Synth 8-11241] undeclared symbol 'tms_int', assumed default net type 'wire' [/home/kokunev/data/git_root/alinx/alinx_streamer_1/alinx_pcie_axi_1/alinx_pcie_axi_1.gen/sources_1/bd/design_1/ipshared/0568/hdl/verilog/xsdbm_v3_0_5_bs_core.vh:615]
INFO: [Synth 8-11241] undeclared symbol 'runtest_int', assumed default net type 'wire' [/home/kokunev/data/git_root/alinx/alinx_streamer_1/alinx_pcie_axi_1/alinx_pcie_axi_1.gen/sources_1/bd/design_1/ipshared/0568/hdl/verilog/xsdbm_v3_0_5_bs_core.vh:617]
INFO: [Synth 8-11241] undeclared symbol 'tms_int', assumed default net type 'wire' [/home/kokunev/data/git_root/alinx/alinx_streamer_1/alinx_pcie_axi_1/alinx_pcie_axi_1.gen/sources_1/bd/design_1/ipshared/0568/hdl/verilog/xsdbm_v3_0_5_bs_core_vec.vh:30]
INFO: [Synth 8-11241] undeclared symbol 'runtest_int', assumed default net type 'wire' [/home/kokunev/data/git_root/alinx/alinx_streamer_1/alinx_pcie_axi_1/alinx_pcie_axi_1.gen/sources_1/bd/design_1/ipshared/0568/hdl/verilog/xsdbm_v3_0_5_bs_core_vec.vh:32]
INFO: [Synth 8-11241] undeclared symbol 'tms_int', assumed default net type 'wire' [/home/kokunev/data/git_root/alinx/alinx_streamer_1/alinx_pcie_axi_1/alinx_pcie_axi_1.gen/sources_1/bd/design_1/ipshared/0568/hdl/verilog/xsdbm_v3_0_5_bs_core_vec.vh:65]
INFO: [Synth 8-11241] undeclared symbol 'runtest_int', assumed default net type 'wire' [/home/kokunev/data/git_root/alinx/alinx_streamer_1/alinx_pcie_axi_1/alinx_pcie_axi_1.gen/sources_1/bd/design_1/ipshared/0568/hdl/verilog/xsdbm_v3_0_5_bs_core_vec.vh:67]
INFO: [Synth 8-11241] undeclared symbol 'tms_int', assumed default net type 'wire' [/home/kokunev/data/git_root/alinx/alinx_streamer_1/alinx_pcie_axi_1/alinx_pcie_axi_1.gen/sources_1/bd/design_1/ipshared/0568/hdl/verilog/xsdbm_v3_0_5_bs_core_vec.vh:100]
INFO: [Synth 8-11241] undeclared symbol 'runtest_int', assumed default net type 'wire' [/home/kokunev/data/git_root/alinx/alinx_streamer_1/alinx_pcie_axi_1/alinx_pcie_axi_1.gen/sources_1/bd/design_1/ipshared/0568/hdl/verilog/xsdbm_v3_0_5_bs_core_vec.vh:102]
INFO: [Synth 8-11241] undeclared symbol 'tms_int', assumed default net type 'wire' [/home/kokunev/data/git_root/alinx/alinx_streamer_1/alinx_pcie_axi_1/alinx_pcie_axi_1.gen/sources_1/bd/design_1/ipshared/0568/hdl/verilog/xsdbm_v3_0_5_bs_core_vec.vh:135]
INFO: [Synth 8-11241] undeclared symbol 'runtest_int', assumed default net type 'wire' [/home/kokunev/data/git_root/alinx/alinx_streamer_1/alinx_pcie_axi_1/alinx_pcie_axi_1.gen/sources_1/bd/design_1/ipshared/0568/hdl/verilog/xsdbm_v3_0_5_bs_core_vec.vh:137]
INFO: [Synth 8-11241] undeclared symbol 'tms_int', assumed default net type 'wire' [/home/kokunev/data/git_root/alinx/alinx_streamer_1/alinx_pcie_axi_1/alinx_pcie_axi_1.gen/sources_1/bd/design_1/ipshared/0568/hdl/verilog/xsdbm_v3_0_5_bs_core_vec.vh:170]
INFO: [Synth 8-11241] undeclared symbol 'runtest_int', assumed default net type 'wire' [/home/kokunev/data/git_root/alinx/alinx_streamer_1/alinx_pcie_axi_1/alinx_pcie_axi_1.gen/sources_1/bd/design_1/ipshared/0568/hdl/verilog/xsdbm_v3_0_5_bs_core_vec.vh:172]
INFO: [Synth 8-11241] undeclared symbol 'tms_int', assumed default net type 'wire' [/home/kokunev/data/git_root/alinx/alinx_streamer_1/alinx_pcie_axi_1/alinx_pcie_axi_1.gen/sources_1/bd/design_1/ipshared/0568/hdl/verilog/xsdbm_v3_0_5_bs_core_vec.vh:205]
INFO: [Synth 8-11241] undeclared symbol 'runtest_int', assumed default net type 'wire' [/home/kokunev/data/git_root/alinx/alinx_streamer_1/alinx_pcie_axi_1/alinx_pcie_axi_1.gen/sources_1/bd/design_1/ipshared/0568/hdl/verilog/xsdbm_v3_0_5_bs_core_vec.vh:207]
INFO: [Synth 8-11241] undeclared symbol 'tms_int', assumed default net type 'wire' [/home/kokunev/data/git_root/alinx/alinx_streamer_1/alinx_pcie_axi_1/alinx_pcie_axi_1.gen/sources_1/bd/design_1/ipshared/0568/hdl/verilog/xsdbm_v3_0_5_bs_core_vec.vh:240]
INFO: [Synth 8-11241] undeclared symbol 'runtest_int', assumed default net type 'wire' [/home/kokunev/data/git_root/alinx/alinx_streamer_1/alinx_pcie_axi_1/alinx_pcie_axi_1.gen/sources_1/bd/design_1/ipshared/0568/hdl/verilog/xsdbm_v3_0_5_bs_core_vec.vh:242]
INFO: [Synth 8-11241] undeclared symbol 'tms_int', assumed default net type 'wire' [/home/kokunev/data/git_root/alinx/alinx_streamer_1/alinx_pcie_axi_1/alinx_pcie_axi_1.gen/sources_1/bd/design_1/ipshared/0568/hdl/verilog/xsdbm_v3_0_5_bs_core_vec.vh:275]
INFO: [Synth 8-11241] undeclared symbol 'runtest_int', assumed default net type 'wire' [/home/kokunev/data/git_root/alinx/alinx_streamer_1/alinx_pcie_axi_1/alinx_pcie_axi_1.gen/sources_1/bd/design_1/ipshared/0568/hdl/verilog/xsdbm_v3_0_5_bs_core_vec.vh:277]
INFO: [Synth 8-11241] undeclared symbol 'tms_int', assumed default net type 'wire' [/home/kokunev/data/git_root/alinx/alinx_streamer_1/alinx_pcie_axi_1/alinx_pcie_axi_1.gen/sources_1/bd/design_1/ipshared/0568/hdl/verilog/xsdbm_v3_0_5_bs_core_vec.vh:310]
INFO: [Synth 8-11241] undeclared symbol 'runtest_int', assumed default net type 'wire' [/home/kokunev/data/git_root/alinx/alinx_streamer_1/alinx_pcie_axi_1/alinx_pcie_axi_1.gen/sources_1/bd/design_1/ipshared/0568/hdl/verilog/xsdbm_v3_0_5_bs_core_vec.vh:312]
INFO: [Synth 8-11241] undeclared symbol 'tms_int', assumed default net type 'wire' [/home/kokunev/data/git_root/alinx/alinx_streamer_1/alinx_pcie_axi_1/alinx_pcie_axi_1.gen/sources_1/bd/design_1/ipshared/0568/hdl/verilog/xsdbm_v3_0_5_bs_core_vec.vh:345]
INFO: [Synth 8-11241] undeclared symbol 'runtest_int', assumed default net type 'wire' [/home/kokunev/data/git_root/alinx/alinx_streamer_1/alinx_pcie_axi_1/alinx_pcie_axi_1.gen/sources_1/bd/design_1/ipshared/0568/hdl/verilog/xsdbm_v3_0_5_bs_core_vec.vh:347]
INFO: [Synth 8-11241] undeclared symbol 'tms_int', assumed default net type 'wire' [/home/kokunev/data/git_root/alinx/alinx_streamer_1/alinx_pcie_axi_1/alinx_pcie_axi_1.gen/sources_1/bd/design_1/ipshared/0568/hdl/verilog/xsdbm_v3_0_5_bs_core_vec.vh:380]
INFO: [Synth 8-11241] undeclared symbol 'runtest_int', assumed default net type 'wire' [/home/kokunev/data/git_root/alinx/alinx_streamer_1/alinx_pcie_axi_1/alinx_pcie_axi_1.gen/sources_1/bd/design_1/ipshared/0568/hdl/verilog/xsdbm_v3_0_5_bs_core_vec.vh:382]
INFO: [Synth 8-11241] undeclared symbol 'tms_int', assumed default net type 'wire' [/home/kokunev/data/git_root/alinx/alinx_streamer_1/alinx_pcie_axi_1/alinx_pcie_axi_1.gen/sources_1/bd/design_1/ipshared/0568/hdl/verilog/xsdbm_v3_0_5_bs_core_vec.vh:415]
INFO: [Synth 8-11241] undeclared symbol 'runtest_int', assumed default net type 'wire' [/home/kokunev/data/git_root/alinx/alinx_streamer_1/alinx_pcie_axi_1/alinx_pcie_axi_1.gen/sources_1/bd/design_1/ipshared/0568/hdl/verilog/xsdbm_v3_0_5_bs_core_vec.vh:417]
INFO: [Synth 8-11241] undeclared symbol 'tms_int', assumed default net type 'wire' [/home/kokunev/data/git_root/alinx/alinx_streamer_1/alinx_pcie_axi_1/alinx_pcie_axi_1.gen/sources_1/bd/design_1/ipshared/0568/hdl/verilog/xsdbm_v3_0_5_bs_core_vec.vh:450]
INFO: [Synth 8-11241] undeclared symbol 'runtest_int', assumed default net type 'wire' [/home/kokunev/data/git_root/alinx/alinx_streamer_1/alinx_pcie_axi_1/alinx_pcie_axi_1.gen/sources_1/bd/design_1/ipshared/0568/hdl/verilog/xsdbm_v3_0_5_bs_core_vec.vh:452]
INFO: [Synth 8-11241] undeclared symbol 'tms_int', assumed default net type 'wire' [/home/kokunev/data/git_root/alinx/alinx_streamer_1/alinx_pcie_axi_1/alinx_pcie_axi_1.gen/sources_1/bd/design_1/ipshared/0568/hdl/verilog/xsdbm_v3_0_5_bs_core_vec.vh:485]
INFO: [Synth 8-11241] undeclared symbol 'runtest_int', assumed default net type 'wire' [/home/kokunev/data/git_root/alinx/alinx_streamer_1/alinx_pcie_axi_1/alinx_pcie_axi_1.gen/sources_1/bd/design_1/ipshared/0568/hdl/verilog/xsdbm_v3_0_5_bs_core_vec.vh:487]
INFO: [Synth 8-11241] undeclared symbol 'tms_int', assumed default net type 'wire' [/home/kokunev/data/git_root/alinx/alinx_streamer_1/alinx_pcie_axi_1/alinx_pcie_axi_1.gen/sources_1/bd/design_1/ipshared/0568/hdl/verilog/xsdbm_v3_0_5_bs_core_vec.vh:30]
INFO: [Synth 8-11241] undeclared symbol 'runtest_int', assumed default net type 'wire' [/home/kokunev/data/git_root/alinx/alinx_streamer_1/alinx_pcie_axi_1/alinx_pcie_axi_1.gen/sources_1/bd/design_1/ipshared/0568/hdl/verilog/xsdbm_v3_0_5_bs_core_vec.vh:32]
INFO: [Synth 8-11241] undeclared symbol 'tms_int', assumed default net type 'wire' [/home/kokunev/data/git_root/alinx/alinx_streamer_1/alinx_pcie_axi_1/alinx_pcie_axi_1.gen/sources_1/bd/design_1/ipshared/0568/hdl/verilog/xsdbm_v3_0_5_bs_core_vec.vh:65]
INFO: [Synth 8-11241] undeclared symbol 'runtest_int', assumed default net type 'wire' [/home/kokunev/data/git_root/alinx/alinx_streamer_1/alinx_pcie_axi_1/alinx_pcie_axi_1.gen/sources_1/bd/design_1/ipshared/0568/hdl/verilog/xsdbm_v3_0_5_bs_core_vec.vh:67]
INFO: [Synth 8-11241] undeclared symbol 'tms_int', assumed default net type 'wire' [/home/kokunev/data/git_root/alinx/alinx_streamer_1/alinx_pcie_axi_1/alinx_pcie_axi_1.gen/sources_1/bd/design_1/ipshared/0568/hdl/verilog/xsdbm_v3_0_5_bs_core_vec.vh:100]
INFO: [Synth 8-11241] undeclared symbol 'runtest_int', assumed default net type 'wire' [/home/kokunev/data/git_root/alinx/alinx_streamer_1/alinx_pcie_axi_1/alinx_pcie_axi_1.gen/sources_1/bd/design_1/ipshared/0568/hdl/verilog/xsdbm_v3_0_5_bs_core_vec.vh:102]
INFO: [Synth 8-11241] undeclared symbol 'tms_int', assumed default net type 'wire' [/home/kokunev/data/git_root/alinx/alinx_streamer_1/alinx_pcie_axi_1/alinx_pcie_axi_1.gen/sources_1/bd/design_1/ipshared/0568/hdl/verilog/xsdbm_v3_0_5_bs_core_vec.vh:135]
INFO: [Synth 8-11241] undeclared symbol 'runtest_int', assumed default net type 'wire' [/home/kokunev/data/git_root/alinx/alinx_streamer_1/alinx_pcie_axi_1/alinx_pcie_axi_1.gen/sources_1/bd/design_1/ipshared/0568/hdl/verilog/xsdbm_v3_0_5_bs_core_vec.vh:137]
INFO: [Synth 8-11241] undeclared symbol 'tms_int', assumed default net type 'wire' [/home/kokunev/data/git_root/alinx/alinx_streamer_1/alinx_pcie_axi_1/alinx_pcie_axi_1.gen/sources_1/bd/design_1/ipshared/0568/hdl/verilog/xsdbm_v3_0_5_bs_core_vec.vh:170]
INFO: [Synth 8-11241] undeclared symbol 'runtest_int', assumed default net type 'wire' [/home/kokunev/data/git_root/alinx/alinx_streamer_1/alinx_pcie_axi_1/alinx_pcie_axi_1.gen/sources_1/bd/design_1/ipshared/0568/hdl/verilog/xsdbm_v3_0_5_bs_core_vec.vh:172]
INFO: [Synth 8-11241] undeclared symbol 'tms_int', assumed default net type 'wire' [/home/kokunev/data/git_root/alinx/alinx_streamer_1/alinx_pcie_axi_1/alinx_pcie_axi_1.gen/sources_1/bd/design_1/ipshared/0568/hdl/verilog/xsdbm_v3_0_5_bs_core_vec.vh:205]
INFO: [Synth 8-11241] undeclared symbol 'runtest_int', assumed default net type 'wire' [/home/kokunev/data/git_root/alinx/alinx_streamer_1/alinx_pcie_axi_1/alinx_pcie_axi_1.gen/sources_1/bd/design_1/ipshared/0568/hdl/verilog/xsdbm_v3_0_5_bs_core_vec.vh:207]
INFO: [Common 17-14] Message 'Synth 8-11241' appears 100 times and further instances of the messages will be disabled. Use the Tcl command set_msg_config to change the current settings.
INFO: [Synth 8-6014] Unused sequential element curr_awsize_reg_reg was removed.  [/home/kokunev/data/git_root/alinx/alinx_streamer_1/alinx_pcie_axi_1/alinx_pcie_axi_1.gen/sources_1/bd/design_1/ipshared/2f03/hdl/axi_bram_ctrl_v4_1_rfs.vhd:25239]
INFO: [Synth 8-6014] Unused sequential element curr_awlen_reg_1_or_2_reg was removed.  [/home/kokunev/data/git_root/alinx/alinx_streamer_1/alinx_pcie_axi_1/alinx_pcie_axi_1.gen/sources_1/bd/design_1/ipshared/2f03/hdl/axi_bram_ctrl_v4_1_rfs.vhd:25517]
INFO: [Synth 8-6014] Unused sequential element GEN_NO_RD_CMD_OPT.axi_arsize_pipe_max_reg was removed.  [/home/kokunev/data/git_root/alinx/alinx_streamer_1/alinx_pcie_axi_1/alinx_pcie_axi_1.gen/sources_1/bd/design_1/ipshared/2f03/hdl/axi_bram_ctrl_v4_1_rfs.vhd:15432]
INFO: [Synth 8-6014] Unused sequential element GEN_NO_RD_CMD_OPT.curr_arsize_reg_reg was removed.  [/home/kokunev/data/git_root/alinx/alinx_streamer_1/alinx_pcie_axi_1/alinx_pcie_axi_1.gen/sources_1/bd/design_1/ipshared/2f03/hdl/axi_bram_ctrl_v4_1_rfs.vhd:15924]
INFO: [Synth 8-6014] Unused sequential element GEN_NO_RD_CMD_OPT.no_ar_ack_reg was removed.  [/home/kokunev/data/git_root/alinx/alinx_streamer_1/alinx_pcie_axi_1/alinx_pcie_axi_1.gen/sources_1/bd/design_1/ipshared/2f03/hdl/axi_bram_ctrl_v4_1_rfs.vhd:19829]
INFO: [Synth 8-6014] Unused sequential element GEN_NO_RD_CMD_OPT.do_cmplt_burst_reg was removed.  [/home/kokunev/data/git_root/alinx/alinx_streamer_1/alinx_pcie_axi_1/alinx_pcie_axi_1.gen/sources_1/bd/design_1/ipshared/2f03/hdl/axi_bram_ctrl_v4_1_rfs.vhd:21170]
INFO: [Synth 8-6014] Unused sequential element areset_d1_reg was removed.  [/home/kokunev/data/git_root/alinx/alinx_streamer_1/alinx_pcie_axi_1/alinx_pcie_axi_1.gen/sources_1/bd/design_1/ipshared/fb46/hdl/axi_data_fifo_v2_1_vl_rfs.v:747]
INFO: [Synth 8-6014] Unused sequential element S_READY_i_reg was removed.  [/home/kokunev/data/git_root/alinx/alinx_streamer_1/alinx_pcie_axi_1/alinx_pcie_axi_1.gen/sources_1/bd/design_1/ipshared/fb46/hdl/axi_data_fifo_v2_1_vl_rfs.v:786]
INFO: [Synth 8-6014] Unused sequential element gen_single_issue.gen_debug_r_single_issue.debug_r_beat_cnt_i_reg was removed.  [/home/kokunev/data/git_root/alinx/alinx_streamer_1/alinx_pcie_axi_1/alinx_pcie_axi_1.gen/sources_1/bd/design_1/ipshared/f084/hdl/axi_crossbar_v2_1_vl_rfs.v:4078]
INFO: [Synth 8-6014] Unused sequential element gen_single_issue.gen_debug_r_single_issue.debug_r_beat_cnt_i_reg was removed.  [/home/kokunev/data/git_root/alinx/alinx_streamer_1/alinx_pcie_axi_1/alinx_pcie_axi_1.gen/sources_1/bd/design_1/ipshared/f084/hdl/axi_crossbar_v2_1_vl_rfs.v:4078]
INFO: [Synth 8-6014] Unused sequential element gen_master_slots[0].gen_mi_write.gen_debug_w.debug_w_beat_cnt_i_reg was removed.  [/home/kokunev/data/git_root/alinx/alinx_streamer_1/alinx_pcie_axi_1/alinx_pcie_axi_1.gen/sources_1/bd/design_1/ipshared/f084/hdl/axi_crossbar_v2_1_vl_rfs.v:2991]
INFO: [Synth 8-6014] Unused sequential element gen_master_slots[1].gen_mi_write.gen_debug_w.debug_w_beat_cnt_i_reg was removed.  [/home/kokunev/data/git_root/alinx/alinx_streamer_1/alinx_pcie_axi_1/alinx_pcie_axi_1.gen/sources_1/bd/design_1/ipshared/f084/hdl/axi_crossbar_v2_1_vl_rfs.v:2991]
INFO: [Synth 8-6014] Unused sequential element gen_master_slots[2].gen_mi_write.gen_debug_w.debug_w_beat_cnt_i_reg was removed.  [/home/kokunev/data/git_root/alinx/alinx_streamer_1/alinx_pcie_axi_1/alinx_pcie_axi_1.gen/sources_1/bd/design_1/ipshared/f084/hdl/axi_crossbar_v2_1_vl_rfs.v:2991]
INFO: [Synth 8-4490] FSM extraction disabled for register 'gen_AB_reg_slice.state_reg' through user attribute
WARNING: [Synth 8-3848] Net probe_out0 in module/entity bd_365d_g_inst_0_gigantic_mux does not have driver. [/home/kokunev/data/git_root/alinx/alinx_streamer_1/alinx_pcie_axi_1/alinx_pcie_axi_1.gen/sources_1/bd/design_1/ip/design_1_system_ila_1_0/bd_0/ip/ip_1/bd_365d_g_inst_0_gigantic_mux.v:1985]
WARNING: [Synth 8-3848] Net probe_out1 in module/entity bd_365d_g_inst_0_gigantic_mux does not have driver. [/home/kokunev/data/git_root/alinx/alinx_streamer_1/alinx_pcie_axi_1/alinx_pcie_axi_1.gen/sources_1/bd/design_1/ip/design_1_system_ila_1_0/bd_0/ip/ip_1/bd_365d_g_inst_0_gigantic_mux.v:1986]
WARNING: [Synth 8-3848] Net probe_out2 in module/entity bd_365d_g_inst_0_gigantic_mux does not have driver. [/home/kokunev/data/git_root/alinx/alinx_streamer_1/alinx_pcie_axi_1/alinx_pcie_axi_1.gen/sources_1/bd/design_1/ip/design_1_system_ila_1_0/bd_0/ip/ip_1/bd_365d_g_inst_0_gigantic_mux.v:1987]
WARNING: [Synth 8-3848] Net probe_out3 in module/entity bd_365d_g_inst_0_gigantic_mux does not have driver. [/home/kokunev/data/git_root/alinx/alinx_streamer_1/alinx_pcie_axi_1/alinx_pcie_axi_1.gen/sources_1/bd/design_1/ip/design_1_system_ila_1_0/bd_0/ip/ip_1/bd_365d_g_inst_0_gigantic_mux.v:1988]
WARNING: [Synth 8-3848] Net probe_out4 in module/entity bd_365d_g_inst_0_gigantic_mux does not have driver. [/home/kokunev/data/git_root/alinx/alinx_streamer_1/alinx_pcie_axi_1/alinx_pcie_axi_1.gen/sources_1/bd/design_1/ip/design_1_system_ila_1_0/bd_0/ip/ip_1/bd_365d_g_inst_0_gigantic_mux.v:1989]
WARNING: [Synth 8-3848] Net probe_out5 in module/entity bd_365d_g_inst_0_gigantic_mux does not have driver. [/home/kokunev/data/git_root/alinx/alinx_streamer_1/alinx_pcie_axi_1/alinx_pcie_axi_1.gen/sources_1/bd/design_1/ip/design_1_system_ila_1_0/bd_0/ip/ip_1/bd_365d_g_inst_0_gigantic_mux.v:1990]
WARNING: [Synth 8-3848] Net probe_out6 in module/entity bd_365d_g_inst_0_gigantic_mux does not have driver. [/home/kokunev/data/git_root/alinx/alinx_streamer_1/alinx_pcie_axi_1/alinx_pcie_axi_1.gen/sources_1/bd/design_1/ip/design_1_system_ila_1_0/bd_0/ip/ip_1/bd_365d_g_inst_0_gigantic_mux.v:1991]
WARNING: [Synth 8-3848] Net probe_out7 in module/entity bd_365d_g_inst_0_gigantic_mux does not have driver. [/home/kokunev/data/git_root/alinx/alinx_streamer_1/alinx_pcie_axi_1/alinx_pcie_axi_1.gen/sources_1/bd/design_1/ip/design_1_system_ila_1_0/bd_0/ip/ip_1/bd_365d_g_inst_0_gigantic_mux.v:1992]
WARNING: [Synth 8-3848] Net probe_out8 in module/entity bd_365d_g_inst_0_gigantic_mux does not have driver. [/home/kokunev/data/git_root/alinx/alinx_streamer_1/alinx_pcie_axi_1/alinx_pcie_axi_1.gen/sources_1/bd/design_1/ip/design_1_system_ila_1_0/bd_0/ip/ip_1/bd_365d_g_inst_0_gigantic_mux.v:1993]
WARNING: [Synth 8-3848] Net probe_out9 in module/entity bd_365d_g_inst_0_gigantic_mux does not have driver. [/home/kokunev/data/git_root/alinx/alinx_streamer_1/alinx_pcie_axi_1/alinx_pcie_axi_1.gen/sources_1/bd/design_1/ip/design_1_system_ila_1_0/bd_0/ip/ip_1/bd_365d_g_inst_0_gigantic_mux.v:1994]
WARNING: [Synth 8-3848] Net probe_out10 in module/entity bd_365d_g_inst_0_gigantic_mux does not have driver. [/home/kokunev/data/git_root/alinx/alinx_streamer_1/alinx_pcie_axi_1/alinx_pcie_axi_1.gen/sources_1/bd/design_1/ip/design_1_system_ila_1_0/bd_0/ip/ip_1/bd_365d_g_inst_0_gigantic_mux.v:1995]
WARNING: [Synth 8-3848] Net probe_out11 in module/entity bd_365d_g_inst_0_gigantic_mux does not have driver. [/home/kokunev/data/git_root/alinx/alinx_streamer_1/alinx_pcie_axi_1/alinx_pcie_axi_1.gen/sources_1/bd/design_1/ip/design_1_system_ila_1_0/bd_0/ip/ip_1/bd_365d_g_inst_0_gigantic_mux.v:1996]
WARNING: [Synth 8-3848] Net probe_out12 in module/entity bd_365d_g_inst_0_gigantic_mux does not have driver. [/home/kokunev/data/git_root/alinx/alinx_streamer_1/alinx_pcie_axi_1/alinx_pcie_axi_1.gen/sources_1/bd/design_1/ip/design_1_system_ila_1_0/bd_0/ip/ip_1/bd_365d_g_inst_0_gigantic_mux.v:1997]
WARNING: [Synth 8-3848] Net probe_out13 in module/entity bd_365d_g_inst_0_gigantic_mux does not have driver. [/home/kokunev/data/git_root/alinx/alinx_streamer_1/alinx_pcie_axi_1/alinx_pcie_axi_1.gen/sources_1/bd/design_1/ip/design_1_system_ila_1_0/bd_0/ip/ip_1/bd_365d_g_inst_0_gigantic_mux.v:1998]
WARNING: [Synth 8-3848] Net probe_out14 in module/entity bd_365d_g_inst_0_gigantic_mux does not have driver. [/home/kokunev/data/git_root/alinx/alinx_streamer_1/alinx_pcie_axi_1/alinx_pcie_axi_1.gen/sources_1/bd/design_1/ip/design_1_system_ila_1_0/bd_0/ip/ip_1/bd_365d_g_inst_0_gigantic_mux.v:1999]
WARNING: [Synth 8-3848] Net probe_out15 in module/entity bd_365d_g_inst_0_gigantic_mux does not have driver. [/home/kokunev/data/git_root/alinx/alinx_streamer_1/alinx_pcie_axi_1/alinx_pcie_axi_1.gen/sources_1/bd/design_1/ip/design_1_system_ila_1_0/bd_0/ip/ip_1/bd_365d_g_inst_0_gigantic_mux.v:2000]
WARNING: [Synth 8-3848] Net probe_out16 in module/entity bd_365d_g_inst_0_gigantic_mux does not have driver. [/home/kokunev/data/git_root/alinx/alinx_streamer_1/alinx_pcie_axi_1/alinx_pcie_axi_1.gen/sources_1/bd/design_1/ip/design_1_system_ila_1_0/bd_0/ip/ip_1/bd_365d_g_inst_0_gigantic_mux.v:2001]
WARNING: [Synth 8-3848] Net probe_out17 in module/entity bd_365d_g_inst_0_gigantic_mux does not have driver. [/home/kokunev/data/git_root/alinx/alinx_streamer_1/alinx_pcie_axi_1/alinx_pcie_axi_1.gen/sources_1/bd/design_1/ip/design_1_system_ila_1_0/bd_0/ip/ip_1/bd_365d_g_inst_0_gigantic_mux.v:2002]
WARNING: [Synth 8-3848] Net probe_out18 in module/entity bd_365d_g_inst_0_gigantic_mux does not have driver. [/home/kokunev/data/git_root/alinx/alinx_streamer_1/alinx_pcie_axi_1/alinx_pcie_axi_1.gen/sources_1/bd/design_1/ip/design_1_system_ila_1_0/bd_0/ip/ip_1/bd_365d_g_inst_0_gigantic_mux.v:2003]
WARNING: [Synth 8-3848] Net probe_out19 in module/entity bd_365d_g_inst_0_gigantic_mux does not have driver. [/home/kokunev/data/git_root/alinx/alinx_streamer_1/alinx_pcie_axi_1/alinx_pcie_axi_1.gen/sources_1/bd/design_1/ip/design_1_system_ila_1_0/bd_0/ip/ip_1/bd_365d_g_inst_0_gigantic_mux.v:2004]
WARNING: [Synth 8-3848] Net probe_out20 in module/entity bd_365d_g_inst_0_gigantic_mux does not have driver. [/home/kokunev/data/git_root/alinx/alinx_streamer_1/alinx_pcie_axi_1/alinx_pcie_axi_1.gen/sources_1/bd/design_1/ip/design_1_system_ila_1_0/bd_0/ip/ip_1/bd_365d_g_inst_0_gigantic_mux.v:2005]
WARNING: [Synth 8-3848] Net probe_out21 in module/entity bd_365d_g_inst_0_gigantic_mux does not have driver. [/home/kokunev/data/git_root/alinx/alinx_streamer_1/alinx_pcie_axi_1/alinx_pcie_axi_1.gen/sources_1/bd/design_1/ip/design_1_system_ila_1_0/bd_0/ip/ip_1/bd_365d_g_inst_0_gigantic_mux.v:2006]
WARNING: [Synth 8-3848] Net probe_out22 in module/entity bd_365d_g_inst_0_gigantic_mux does not have driver. [/home/kokunev/data/git_root/alinx/alinx_streamer_1/alinx_pcie_axi_1/alinx_pcie_axi_1.gen/sources_1/bd/design_1/ip/design_1_system_ila_1_0/bd_0/ip/ip_1/bd_365d_g_inst_0_gigantic_mux.v:2007]
WARNING: [Synth 8-3848] Net probe_out23 in module/entity bd_365d_g_inst_0_gigantic_mux does not have driver. [/home/kokunev/data/git_root/alinx/alinx_streamer_1/alinx_pcie_axi_1/alinx_pcie_axi_1.gen/sources_1/bd/design_1/ip/design_1_system_ila_1_0/bd_0/ip/ip_1/bd_365d_g_inst_0_gigantic_mux.v:2008]
WARNING: [Synth 8-3848] Net probe_out24 in module/entity bd_365d_g_inst_0_gigantic_mux does not have driver. [/home/kokunev/data/git_root/alinx/alinx_streamer_1/alinx_pcie_axi_1/alinx_pcie_axi_1.gen/sources_1/bd/design_1/ip/design_1_system_ila_1_0/bd_0/ip/ip_1/bd_365d_g_inst_0_gigantic_mux.v:2009]
WARNING: [Synth 8-3848] Net probe_out25 in module/entity bd_365d_g_inst_0_gigantic_mux does not have driver. [/home/kokunev/data/git_root/alinx/alinx_streamer_1/alinx_pcie_axi_1/alinx_pcie_axi_1.gen/sources_1/bd/design_1/ip/design_1_system_ila_1_0/bd_0/ip/ip_1/bd_365d_g_inst_0_gigantic_mux.v:2010]
WARNING: [Synth 8-3848] Net probe_out26 in module/entity bd_365d_g_inst_0_gigantic_mux does not have driver. [/home/kokunev/data/git_root/alinx/alinx_streamer_1/alinx_pcie_axi_1/alinx_pcie_axi_1.gen/sources_1/bd/design_1/ip/design_1_system_ila_1_0/bd_0/ip/ip_1/bd_365d_g_inst_0_gigantic_mux.v:2011]
WARNING: [Synth 8-3848] Net probe_out27 in module/entity bd_365d_g_inst_0_gigantic_mux does not have driver. [/home/kokunev/data/git_root/alinx/alinx_streamer_1/alinx_pcie_axi_1/alinx_pcie_axi_1.gen/sources_1/bd/design_1/ip/design_1_system_ila_1_0/bd_0/ip/ip_1/bd_365d_g_inst_0_gigantic_mux.v:2012]
WARNING: [Synth 8-3848] Net probe_out28 in module/entity bd_365d_g_inst_0_gigantic_mux does not have driver. [/home/kokunev/data/git_root/alinx/alinx_streamer_1/alinx_pcie_axi_1/alinx_pcie_axi_1.gen/sources_1/bd/design_1/ip/design_1_system_ila_1_0/bd_0/ip/ip_1/bd_365d_g_inst_0_gigantic_mux.v:2013]
WARNING: [Synth 8-3848] Net probe_out29 in module/entity bd_365d_g_inst_0_gigantic_mux does not have driver. [/home/kokunev/data/git_root/alinx/alinx_streamer_1/alinx_pcie_axi_1/alinx_pcie_axi_1.gen/sources_1/bd/design_1/ip/design_1_system_ila_1_0/bd_0/ip/ip_1/bd_365d_g_inst_0_gigantic_mux.v:2014]
WARNING: [Synth 8-3848] Net probe_out30 in module/entity bd_365d_g_inst_0_gigantic_mux does not have driver. [/home/kokunev/data/git_root/alinx/alinx_streamer_1/alinx_pcie_axi_1/alinx_pcie_axi_1.gen/sources_1/bd/design_1/ip/design_1_system_ila_1_0/bd_0/ip/ip_1/bd_365d_g_inst_0_gigantic_mux.v:2015]
WARNING: [Synth 8-3848] Net probe_out31 in module/entity bd_365d_g_inst_0_gigantic_mux does not have driver. [/home/kokunev/data/git_root/alinx/alinx_streamer_1/alinx_pcie_axi_1/alinx_pcie_axi_1.gen/sources_1/bd/design_1/ip/design_1_system_ila_1_0/bd_0/ip/ip_1/bd_365d_g_inst_0_gigantic_mux.v:2016]
WARNING: [Synth 8-3848] Net probe_out32 in module/entity bd_365d_g_inst_0_gigantic_mux does not have driver. [/home/kokunev/data/git_root/alinx/alinx_streamer_1/alinx_pcie_axi_1/alinx_pcie_axi_1.gen/sources_1/bd/design_1/ip/design_1_system_ila_1_0/bd_0/ip/ip_1/bd_365d_g_inst_0_gigantic_mux.v:2017]
WARNING: [Synth 8-3848] Net probe_out33 in module/entity bd_365d_g_inst_0_gigantic_mux does not have driver. [/home/kokunev/data/git_root/alinx/alinx_streamer_1/alinx_pcie_axi_1/alinx_pcie_axi_1.gen/sources_1/bd/design_1/ip/design_1_system_ila_1_0/bd_0/ip/ip_1/bd_365d_g_inst_0_gigantic_mux.v:2018]
WARNING: [Synth 8-3848] Net probe_out34 in module/entity bd_365d_g_inst_0_gigantic_mux does not have driver. [/home/kokunev/data/git_root/alinx/alinx_streamer_1/alinx_pcie_axi_1/alinx_pcie_axi_1.gen/sources_1/bd/design_1/ip/design_1_system_ila_1_0/bd_0/ip/ip_1/bd_365d_g_inst_0_gigantic_mux.v:2019]
WARNING: [Synth 8-3848] Net probe_out35 in module/entity bd_365d_g_inst_0_gigantic_mux does not have driver. [/home/kokunev/data/git_root/alinx/alinx_streamer_1/alinx_pcie_axi_1/alinx_pcie_axi_1.gen/sources_1/bd/design_1/ip/design_1_system_ila_1_0/bd_0/ip/ip_1/bd_365d_g_inst_0_gigantic_mux.v:2020]
WARNING: [Synth 8-3848] Net probe_out36 in module/entity bd_365d_g_inst_0_gigantic_mux does not have driver. [/home/kokunev/data/git_root/alinx/alinx_streamer_1/alinx_pcie_axi_1/alinx_pcie_axi_1.gen/sources_1/bd/design_1/ip/design_1_system_ila_1_0/bd_0/ip/ip_1/bd_365d_g_inst_0_gigantic_mux.v:2021]
WARNING: [Synth 8-3848] Net probe_out37 in module/entity bd_365d_g_inst_0_gigantic_mux does not have driver. [/home/kokunev/data/git_root/alinx/alinx_streamer_1/alinx_pcie_axi_1/alinx_pcie_axi_1.gen/sources_1/bd/design_1/ip/design_1_system_ila_1_0/bd_0/ip/ip_1/bd_365d_g_inst_0_gigantic_mux.v:2022]
WARNING: [Synth 8-3848] Net probe_out38 in module/entity bd_365d_g_inst_0_gigantic_mux does not have driver. [/home/kokunev/data/git_root/alinx/alinx_streamer_1/alinx_pcie_axi_1/alinx_pcie_axi_1.gen/sources_1/bd/design_1/ip/design_1_system_ila_1_0/bd_0/ip/ip_1/bd_365d_g_inst_0_gigantic_mux.v:2023]
WARNING: [Synth 8-3848] Net probe_out39 in module/entity bd_365d_g_inst_0_gigantic_mux does not have driver. [/home/kokunev/data/git_root/alinx/alinx_streamer_1/alinx_pcie_axi_1/alinx_pcie_axi_1.gen/sources_1/bd/design_1/ip/design_1_system_ila_1_0/bd_0/ip/ip_1/bd_365d_g_inst_0_gigantic_mux.v:2024]
WARNING: [Synth 8-3848] Net probe_out40 in module/entity bd_365d_g_inst_0_gigantic_mux does not have driver. [/home/kokunev/data/git_root/alinx/alinx_streamer_1/alinx_pcie_axi_1/alinx_pcie_axi_1.gen/sources_1/bd/design_1/ip/design_1_system_ila_1_0/bd_0/ip/ip_1/bd_365d_g_inst_0_gigantic_mux.v:2025]
WARNING: [Synth 8-3848] Net probe_out41 in module/entity bd_365d_g_inst_0_gigantic_mux does not have driver. [/home/kokunev/data/git_root/alinx/alinx_streamer_1/alinx_pcie_axi_1/alinx_pcie_axi_1.gen/sources_1/bd/design_1/ip/design_1_system_ila_1_0/bd_0/ip/ip_1/bd_365d_g_inst_0_gigantic_mux.v:2026]
WARNING: [Synth 8-3848] Net probe_out42 in module/entity bd_365d_g_inst_0_gigantic_mux does not have driver. [/home/kokunev/data/git_root/alinx/alinx_streamer_1/alinx_pcie_axi_1/alinx_pcie_axi_1.gen/sources_1/bd/design_1/ip/design_1_system_ila_1_0/bd_0/ip/ip_1/bd_365d_g_inst_0_gigantic_mux.v:2027]
WARNING: [Synth 8-3848] Net probe_out43 in module/entity bd_365d_g_inst_0_gigantic_mux does not have driver. [/home/kokunev/data/git_root/alinx/alinx_streamer_1/alinx_pcie_axi_1/alinx_pcie_axi_1.gen/sources_1/bd/design_1/ip/design_1_system_ila_1_0/bd_0/ip/ip_1/bd_365d_g_inst_0_gigantic_mux.v:2028]
WARNING: [Synth 8-3848] Net probe_out44 in module/entity bd_365d_g_inst_0_gigantic_mux does not have driver. [/home/kokunev/data/git_root/alinx/alinx_streamer_1/alinx_pcie_axi_1/alinx_pcie_axi_1.gen/sources_1/bd/design_1/ip/design_1_system_ila_1_0/bd_0/ip/ip_1/bd_365d_g_inst_0_gigantic_mux.v:2029]
WARNING: [Synth 8-3848] Net probe_out45 in module/entity bd_365d_g_inst_0_gigantic_mux does not have driver. [/home/kokunev/data/git_root/alinx/alinx_streamer_1/alinx_pcie_axi_1/alinx_pcie_axi_1.gen/sources_1/bd/design_1/ip/design_1_system_ila_1_0/bd_0/ip/ip_1/bd_365d_g_inst_0_gigantic_mux.v:2030]
WARNING: [Synth 8-3848] Net probe_out46 in module/entity bd_365d_g_inst_0_gigantic_mux does not have driver. [/home/kokunev/data/git_root/alinx/alinx_streamer_1/alinx_pcie_axi_1/alinx_pcie_axi_1.gen/sources_1/bd/design_1/ip/design_1_system_ila_1_0/bd_0/ip/ip_1/bd_365d_g_inst_0_gigantic_mux.v:2031]
WARNING: [Synth 8-3848] Net probe_out47 in module/entity bd_365d_g_inst_0_gigantic_mux does not have driver. [/home/kokunev/data/git_root/alinx/alinx_streamer_1/alinx_pcie_axi_1/alinx_pcie_axi_1.gen/sources_1/bd/design_1/ip/design_1_system_ila_1_0/bd_0/ip/ip_1/bd_365d_g_inst_0_gigantic_mux.v:2032]
WARNING: [Synth 8-3848] Net probe_out48 in module/entity bd_365d_g_inst_0_gigantic_mux does not have driver. [/home/kokunev/data/git_root/alinx/alinx_streamer_1/alinx_pcie_axi_1/alinx_pcie_axi_1.gen/sources_1/bd/design_1/ip/design_1_system_ila_1_0/bd_0/ip/ip_1/bd_365d_g_inst_0_gigantic_mux.v:2033]
WARNING: [Synth 8-3848] Net probe_out49 in module/entity bd_365d_g_inst_0_gigantic_mux does not have driver. [/home/kokunev/data/git_root/alinx/alinx_streamer_1/alinx_pcie_axi_1/alinx_pcie_axi_1.gen/sources_1/bd/design_1/ip/design_1_system_ila_1_0/bd_0/ip/ip_1/bd_365d_g_inst_0_gigantic_mux.v:2034]
WARNING: [Synth 8-3848] Net probe_out50 in module/entity bd_365d_g_inst_0_gigantic_mux does not have driver. [/home/kokunev/data/git_root/alinx/alinx_streamer_1/alinx_pcie_axi_1/alinx_pcie_axi_1.gen/sources_1/bd/design_1/ip/design_1_system_ila_1_0/bd_0/ip/ip_1/bd_365d_g_inst_0_gigantic_mux.v:2035]
WARNING: [Synth 8-3848] Net probe_out51 in module/entity bd_365d_g_inst_0_gigantic_mux does not have driver. [/home/kokunev/data/git_root/alinx/alinx_streamer_1/alinx_pcie_axi_1/alinx_pcie_axi_1.gen/sources_1/bd/design_1/ip/design_1_system_ila_1_0/bd_0/ip/ip_1/bd_365d_g_inst_0_gigantic_mux.v:2036]
WARNING: [Synth 8-3848] Net probe_out52 in module/entity bd_365d_g_inst_0_gigantic_mux does not have driver. [/home/kokunev/data/git_root/alinx/alinx_streamer_1/alinx_pcie_axi_1/alinx_pcie_axi_1.gen/sources_1/bd/design_1/ip/design_1_system_ila_1_0/bd_0/ip/ip_1/bd_365d_g_inst_0_gigantic_mux.v:2037]
WARNING: [Synth 8-3848] Net probe_out53 in module/entity bd_365d_g_inst_0_gigantic_mux does not have driver. [/home/kokunev/data/git_root/alinx/alinx_streamer_1/alinx_pcie_axi_1/alinx_pcie_axi_1.gen/sources_1/bd/design_1/ip/design_1_system_ila_1_0/bd_0/ip/ip_1/bd_365d_g_inst_0_gigantic_mux.v:2038]
WARNING: [Synth 8-3848] Net probe_out54 in module/entity bd_365d_g_inst_0_gigantic_mux does not have driver. [/home/kokunev/data/git_root/alinx/alinx_streamer_1/alinx_pcie_axi_1/alinx_pcie_axi_1.gen/sources_1/bd/design_1/ip/design_1_system_ila_1_0/bd_0/ip/ip_1/bd_365d_g_inst_0_gigantic_mux.v:2039]
WARNING: [Synth 8-3848] Net probe_out55 in module/entity bd_365d_g_inst_0_gigantic_mux does not have driver. [/home/kokunev/data/git_root/alinx/alinx_streamer_1/alinx_pcie_axi_1/alinx_pcie_axi_1.gen/sources_1/bd/design_1/ip/design_1_system_ila_1_0/bd_0/ip/ip_1/bd_365d_g_inst_0_gigantic_mux.v:2040]
WARNING: [Synth 8-3848] Net probe_out56 in module/entity bd_365d_g_inst_0_gigantic_mux does not have driver. [/home/kokunev/data/git_root/alinx/alinx_streamer_1/alinx_pcie_axi_1/alinx_pcie_axi_1.gen/sources_1/bd/design_1/ip/design_1_system_ila_1_0/bd_0/ip/ip_1/bd_365d_g_inst_0_gigantic_mux.v:2041]
WARNING: [Synth 8-3848] Net probe_out57 in module/entity bd_365d_g_inst_0_gigantic_mux does not have driver. [/home/kokunev/data/git_root/alinx/alinx_streamer_1/alinx_pcie_axi_1/alinx_pcie_axi_1.gen/sources_1/bd/design_1/ip/design_1_system_ila_1_0/bd_0/ip/ip_1/bd_365d_g_inst_0_gigantic_mux.v:2042]
WARNING: [Synth 8-3848] Net probe_out58 in module/entity bd_365d_g_inst_0_gigantic_mux does not have driver. [/home/kokunev/data/git_root/alinx/alinx_streamer_1/alinx_pcie_axi_1/alinx_pcie_axi_1.gen/sources_1/bd/design_1/ip/design_1_system_ila_1_0/bd_0/ip/ip_1/bd_365d_g_inst_0_gigantic_mux.v:2043]
WARNING: [Synth 8-3848] Net probe_out59 in module/entity bd_365d_g_inst_0_gigantic_mux does not have driver. [/home/kokunev/data/git_root/alinx/alinx_streamer_1/alinx_pcie_axi_1/alinx_pcie_axi_1.gen/sources_1/bd/design_1/ip/design_1_system_ila_1_0/bd_0/ip/ip_1/bd_365d_g_inst_0_gigantic_mux.v:2044]
WARNING: [Synth 8-3848] Net probe_out60 in module/entity bd_365d_g_inst_0_gigantic_mux does not have driver. [/home/kokunev/data/git_root/alinx/alinx_streamer_1/alinx_pcie_axi_1/alinx_pcie_axi_1.gen/sources_1/bd/design_1/ip/design_1_system_ila_1_0/bd_0/ip/ip_1/bd_365d_g_inst_0_gigantic_mux.v:2045]
WARNING: [Synth 8-3848] Net probe_out61 in module/entity bd_365d_g_inst_0_gigantic_mux does not have driver. [/home/kokunev/data/git_root/alinx/alinx_streamer_1/alinx_pcie_axi_1/alinx_pcie_axi_1.gen/sources_1/bd/design_1/ip/design_1_system_ila_1_0/bd_0/ip/ip_1/bd_365d_g_inst_0_gigantic_mux.v:2046]
WARNING: [Synth 8-3848] Net probe_out62 in module/entity bd_365d_g_inst_0_gigantic_mux does not have driver. [/home/kokunev/data/git_root/alinx/alinx_streamer_1/alinx_pcie_axi_1/alinx_pcie_axi_1.gen/sources_1/bd/design_1/ip/design_1_system_ila_1_0/bd_0/ip/ip_1/bd_365d_g_inst_0_gigantic_mux.v:2047]
WARNING: [Synth 8-3848] Net probe_out63 in module/entity bd_365d_g_inst_0_gigantic_mux does not have driver. [/home/kokunev/data/git_root/alinx/alinx_streamer_1/alinx_pcie_axi_1/alinx_pcie_axi_1.gen/sources_1/bd/design_1/ip/design_1_system_ila_1_0/bd_0/ip/ip_1/bd_365d_g_inst_0_gigantic_mux.v:2048]
WARNING: [Synth 8-3848] Net probe_out64 in module/entity bd_365d_g_inst_0_gigantic_mux does not have driver. [/home/kokunev/data/git_root/alinx/alinx_streamer_1/alinx_pcie_axi_1/alinx_pcie_axi_1.gen/sources_1/bd/design_1/ip/design_1_system_ila_1_0/bd_0/ip/ip_1/bd_365d_g_inst_0_gigantic_mux.v:2049]
WARNING: [Synth 8-3848] Net probe_out65 in module/entity bd_365d_g_inst_0_gigantic_mux does not have driver. [/home/kokunev/data/git_root/alinx/alinx_streamer_1/alinx_pcie_axi_1/alinx_pcie_axi_1.gen/sources_1/bd/design_1/ip/design_1_system_ila_1_0/bd_0/ip/ip_1/bd_365d_g_inst_0_gigantic_mux.v:2050]
WARNING: [Synth 8-3848] Net probe_out66 in module/entity bd_365d_g_inst_0_gigantic_mux does not have driver. [/home/kokunev/data/git_root/alinx/alinx_streamer_1/alinx_pcie_axi_1/alinx_pcie_axi_1.gen/sources_1/bd/design_1/ip/design_1_system_ila_1_0/bd_0/ip/ip_1/bd_365d_g_inst_0_gigantic_mux.v:2051]
WARNING: [Synth 8-3848] Net probe_out67 in module/entity bd_365d_g_inst_0_gigantic_mux does not have driver. [/home/kokunev/data/git_root/alinx/alinx_streamer_1/alinx_pcie_axi_1/alinx_pcie_axi_1.gen/sources_1/bd/design_1/ip/design_1_system_ila_1_0/bd_0/ip/ip_1/bd_365d_g_inst_0_gigantic_mux.v:2052]
WARNING: [Synth 8-3848] Net probe_out68 in module/entity bd_365d_g_inst_0_gigantic_mux does not have driver. [/home/kokunev/data/git_root/alinx/alinx_streamer_1/alinx_pcie_axi_1/alinx_pcie_axi_1.gen/sources_1/bd/design_1/ip/design_1_system_ila_1_0/bd_0/ip/ip_1/bd_365d_g_inst_0_gigantic_mux.v:2053]
WARNING: [Synth 8-3848] Net probe_out69 in module/entity bd_365d_g_inst_0_gigantic_mux does not have driver. [/home/kokunev/data/git_root/alinx/alinx_streamer_1/alinx_pcie_axi_1/alinx_pcie_axi_1.gen/sources_1/bd/design_1/ip/design_1_system_ila_1_0/bd_0/ip/ip_1/bd_365d_g_inst_0_gigantic_mux.v:2054]
WARNING: [Synth 8-3848] Net probe_out70 in module/entity bd_365d_g_inst_0_gigantic_mux does not have driver. [/home/kokunev/data/git_root/alinx/alinx_streamer_1/alinx_pcie_axi_1/alinx_pcie_axi_1.gen/sources_1/bd/design_1/ip/design_1_system_ila_1_0/bd_0/ip/ip_1/bd_365d_g_inst_0_gigantic_mux.v:2055]
WARNING: [Synth 8-3848] Net probe_out71 in module/entity bd_365d_g_inst_0_gigantic_mux does not have driver. [/home/kokunev/data/git_root/alinx/alinx_streamer_1/alinx_pcie_axi_1/alinx_pcie_axi_1.gen/sources_1/bd/design_1/ip/design_1_system_ila_1_0/bd_0/ip/ip_1/bd_365d_g_inst_0_gigantic_mux.v:2056]
WARNING: [Synth 8-3848] Net probe_out72 in module/entity bd_365d_g_inst_0_gigantic_mux does not have driver. [/home/kokunev/data/git_root/alinx/alinx_streamer_1/alinx_pcie_axi_1/alinx_pcie_axi_1.gen/sources_1/bd/design_1/ip/design_1_system_ila_1_0/bd_0/ip/ip_1/bd_365d_g_inst_0_gigantic_mux.v:2057]
WARNING: [Synth 8-3848] Net probe_out73 in module/entity bd_365d_g_inst_0_gigantic_mux does not have driver. [/home/kokunev/data/git_root/alinx/alinx_streamer_1/alinx_pcie_axi_1/alinx_pcie_axi_1.gen/sources_1/bd/design_1/ip/design_1_system_ila_1_0/bd_0/ip/ip_1/bd_365d_g_inst_0_gigantic_mux.v:2058]
WARNING: [Synth 8-3848] Net probe_out74 in module/entity bd_365d_g_inst_0_gigantic_mux does not have driver. [/home/kokunev/data/git_root/alinx/alinx_streamer_1/alinx_pcie_axi_1/alinx_pcie_axi_1.gen/sources_1/bd/design_1/ip/design_1_system_ila_1_0/bd_0/ip/ip_1/bd_365d_g_inst_0_gigantic_mux.v:2059]
WARNING: [Synth 8-3848] Net probe_out75 in module/entity bd_365d_g_inst_0_gigantic_mux does not have driver. [/home/kokunev/data/git_root/alinx/alinx_streamer_1/alinx_pcie_axi_1/alinx_pcie_axi_1.gen/sources_1/bd/design_1/ip/design_1_system_ila_1_0/bd_0/ip/ip_1/bd_365d_g_inst_0_gigantic_mux.v:2060]
WARNING: [Synth 8-3848] Net probe_out76 in module/entity bd_365d_g_inst_0_gigantic_mux does not have driver. [/home/kokunev/data/git_root/alinx/alinx_streamer_1/alinx_pcie_axi_1/alinx_pcie_axi_1.gen/sources_1/bd/design_1/ip/design_1_system_ila_1_0/bd_0/ip/ip_1/bd_365d_g_inst_0_gigantic_mux.v:2061]
WARNING: [Synth 8-3848] Net probe_out77 in module/entity bd_365d_g_inst_0_gigantic_mux does not have driver. [/home/kokunev/data/git_root/alinx/alinx_streamer_1/alinx_pcie_axi_1/alinx_pcie_axi_1.gen/sources_1/bd/design_1/ip/design_1_system_ila_1_0/bd_0/ip/ip_1/bd_365d_g_inst_0_gigantic_mux.v:2062]
WARNING: [Synth 8-3848] Net probe_out78 in module/entity bd_365d_g_inst_0_gigantic_mux does not have driver. [/home/kokunev/data/git_root/alinx/alinx_streamer_1/alinx_pcie_axi_1/alinx_pcie_axi_1.gen/sources_1/bd/design_1/ip/design_1_system_ila_1_0/bd_0/ip/ip_1/bd_365d_g_inst_0_gigantic_mux.v:2063]
WARNING: [Synth 8-3848] Net probe_out79 in module/entity bd_365d_g_inst_0_gigantic_mux does not have driver. [/home/kokunev/data/git_root/alinx/alinx_streamer_1/alinx_pcie_axi_1/alinx_pcie_axi_1.gen/sources_1/bd/design_1/ip/design_1_system_ila_1_0/bd_0/ip/ip_1/bd_365d_g_inst_0_gigantic_mux.v:2064]
WARNING: [Synth 8-3848] Net probe_out80 in module/entity bd_365d_g_inst_0_gigantic_mux does not have driver. [/home/kokunev/data/git_root/alinx/alinx_streamer_1/alinx_pcie_axi_1/alinx_pcie_axi_1.gen/sources_1/bd/design_1/ip/design_1_system_ila_1_0/bd_0/ip/ip_1/bd_365d_g_inst_0_gigantic_mux.v:2065]
WARNING: [Synth 8-3848] Net probe_out81 in module/entity bd_365d_g_inst_0_gigantic_mux does not have driver. [/home/kokunev/data/git_root/alinx/alinx_streamer_1/alinx_pcie_axi_1/alinx_pcie_axi_1.gen/sources_1/bd/design_1/ip/design_1_system_ila_1_0/bd_0/ip/ip_1/bd_365d_g_inst_0_gigantic_mux.v:2066]
WARNING: [Synth 8-3848] Net probe_out82 in module/entity bd_365d_g_inst_0_gigantic_mux does not have driver. [/home/kokunev/data/git_root/alinx/alinx_streamer_1/alinx_pcie_axi_1/alinx_pcie_axi_1.gen/sources_1/bd/design_1/ip/design_1_system_ila_1_0/bd_0/ip/ip_1/bd_365d_g_inst_0_gigantic_mux.v:2067]
WARNING: [Synth 8-3848] Net probe_out83 in module/entity bd_365d_g_inst_0_gigantic_mux does not have driver. [/home/kokunev/data/git_root/alinx/alinx_streamer_1/alinx_pcie_axi_1/alinx_pcie_axi_1.gen/sources_1/bd/design_1/ip/design_1_system_ila_1_0/bd_0/ip/ip_1/bd_365d_g_inst_0_gigantic_mux.v:2068]
WARNING: [Synth 8-3848] Net probe_out84 in module/entity bd_365d_g_inst_0_gigantic_mux does not have driver. [/home/kokunev/data/git_root/alinx/alinx_streamer_1/alinx_pcie_axi_1/alinx_pcie_axi_1.gen/sources_1/bd/design_1/ip/design_1_system_ila_1_0/bd_0/ip/ip_1/bd_365d_g_inst_0_gigantic_mux.v:2069]
WARNING: [Synth 8-3848] Net probe_out85 in module/entity bd_365d_g_inst_0_gigantic_mux does not have driver. [/home/kokunev/data/git_root/alinx/alinx_streamer_1/alinx_pcie_axi_1/alinx_pcie_axi_1.gen/sources_1/bd/design_1/ip/design_1_system_ila_1_0/bd_0/ip/ip_1/bd_365d_g_inst_0_gigantic_mux.v:2070]
WARNING: [Synth 8-3848] Net probe_out86 in module/entity bd_365d_g_inst_0_gigantic_mux does not have driver. [/home/kokunev/data/git_root/alinx/alinx_streamer_1/alinx_pcie_axi_1/alinx_pcie_axi_1.gen/sources_1/bd/design_1/ip/design_1_system_ila_1_0/bd_0/ip/ip_1/bd_365d_g_inst_0_gigantic_mux.v:2071]
WARNING: [Synth 8-3848] Net probe_out87 in module/entity bd_365d_g_inst_0_gigantic_mux does not have driver. [/home/kokunev/data/git_root/alinx/alinx_streamer_1/alinx_pcie_axi_1/alinx_pcie_axi_1.gen/sources_1/bd/design_1/ip/design_1_system_ila_1_0/bd_0/ip/ip_1/bd_365d_g_inst_0_gigantic_mux.v:2072]
WARNING: [Synth 8-3848] Net probe_out88 in module/entity bd_365d_g_inst_0_gigantic_mux does not have driver. [/home/kokunev/data/git_root/alinx/alinx_streamer_1/alinx_pcie_axi_1/alinx_pcie_axi_1.gen/sources_1/bd/design_1/ip/design_1_system_ila_1_0/bd_0/ip/ip_1/bd_365d_g_inst_0_gigantic_mux.v:2073]
WARNING: [Synth 8-3848] Net probe_out89 in module/entity bd_365d_g_inst_0_gigantic_mux does not have driver. [/home/kokunev/data/git_root/alinx/alinx_streamer_1/alinx_pcie_axi_1/alinx_pcie_axi_1.gen/sources_1/bd/design_1/ip/design_1_system_ila_1_0/bd_0/ip/ip_1/bd_365d_g_inst_0_gigantic_mux.v:2074]
WARNING: [Synth 8-3848] Net probe_out90 in module/entity bd_365d_g_inst_0_gigantic_mux does not have driver. [/home/kokunev/data/git_root/alinx/alinx_streamer_1/alinx_pcie_axi_1/alinx_pcie_axi_1.gen/sources_1/bd/design_1/ip/design_1_system_ila_1_0/bd_0/ip/ip_1/bd_365d_g_inst_0_gigantic_mux.v:2075]
WARNING: [Synth 8-3848] Net probe_out91 in module/entity bd_365d_g_inst_0_gigantic_mux does not have driver. [/home/kokunev/data/git_root/alinx/alinx_streamer_1/alinx_pcie_axi_1/alinx_pcie_axi_1.gen/sources_1/bd/design_1/ip/design_1_system_ila_1_0/bd_0/ip/ip_1/bd_365d_g_inst_0_gigantic_mux.v:2076]
WARNING: [Synth 8-3848] Net probe_out92 in module/entity bd_365d_g_inst_0_gigantic_mux does not have driver. [/home/kokunev/data/git_root/alinx/alinx_streamer_1/alinx_pcie_axi_1/alinx_pcie_axi_1.gen/sources_1/bd/design_1/ip/design_1_system_ila_1_0/bd_0/ip/ip_1/bd_365d_g_inst_0_gigantic_mux.v:2077]
WARNING: [Synth 8-3848] Net probe_out93 in module/entity bd_365d_g_inst_0_gigantic_mux does not have driver. [/home/kokunev/data/git_root/alinx/alinx_streamer_1/alinx_pcie_axi_1/alinx_pcie_axi_1.gen/sources_1/bd/design_1/ip/design_1_system_ila_1_0/bd_0/ip/ip_1/bd_365d_g_inst_0_gigantic_mux.v:2078]
WARNING: [Synth 8-3848] Net probe_out94 in module/entity bd_365d_g_inst_0_gigantic_mux does not have driver. [/home/kokunev/data/git_root/alinx/alinx_streamer_1/alinx_pcie_axi_1/alinx_pcie_axi_1.gen/sources_1/bd/design_1/ip/design_1_system_ila_1_0/bd_0/ip/ip_1/bd_365d_g_inst_0_gigantic_mux.v:2079]
WARNING: [Synth 8-3848] Net probe_out95 in module/entity bd_365d_g_inst_0_gigantic_mux does not have driver. [/home/kokunev/data/git_root/alinx/alinx_streamer_1/alinx_pcie_axi_1/alinx_pcie_axi_1.gen/sources_1/bd/design_1/ip/design_1_system_ila_1_0/bd_0/ip/ip_1/bd_365d_g_inst_0_gigantic_mux.v:2080]
WARNING: [Synth 8-3848] Net probe_out96 in module/entity bd_365d_g_inst_0_gigantic_mux does not have driver. [/home/kokunev/data/git_root/alinx/alinx_streamer_1/alinx_pcie_axi_1/alinx_pcie_axi_1.gen/sources_1/bd/design_1/ip/design_1_system_ila_1_0/bd_0/ip/ip_1/bd_365d_g_inst_0_gigantic_mux.v:2081]
WARNING: [Synth 8-3848] Net probe_out97 in module/entity bd_365d_g_inst_0_gigantic_mux does not have driver. [/home/kokunev/data/git_root/alinx/alinx_streamer_1/alinx_pcie_axi_1/alinx_pcie_axi_1.gen/sources_1/bd/design_1/ip/design_1_system_ila_1_0/bd_0/ip/ip_1/bd_365d_g_inst_0_gigantic_mux.v:2082]
WARNING: [Synth 8-3848] Net probe_out98 in module/entity bd_365d_g_inst_0_gigantic_mux does not have driver. [/home/kokunev/data/git_root/alinx/alinx_streamer_1/alinx_pcie_axi_1/alinx_pcie_axi_1.gen/sources_1/bd/design_1/ip/design_1_system_ila_1_0/bd_0/ip/ip_1/bd_365d_g_inst_0_gigantic_mux.v:2083]
WARNING: [Synth 8-3848] Net probe_out99 in module/entity bd_365d_g_inst_0_gigantic_mux does not have driver. [/home/kokunev/data/git_root/alinx/alinx_streamer_1/alinx_pcie_axi_1/alinx_pcie_axi_1.gen/sources_1/bd/design_1/ip/design_1_system_ila_1_0/bd_0/ip/ip_1/bd_365d_g_inst_0_gigantic_mux.v:2084]
INFO: [Common 17-14] Message 'Synth 8-3848' appears 100 times and further instances of the messages will be disabled. Use the Tcl command set_msg_config to change the current settings.
INFO: [Synth 8-6071] Mark debug on the nets applies keep_hierarchy on instance 'g_inst'. This will prevent further optimization [/home/kokunev/data/git_root/alinx/alinx_streamer_1/alinx_pcie_axi_1/alinx_pcie_axi_1.gen/sources_1/bd/design_1/ip/design_1_system_ila_1_0/bd_0/synth/bd_365d.v:134]
INFO: [Synth 8-6071] Mark debug on the nets applies keep_hierarchy on instance 'ila_lib'. This will prevent further optimization [/home/kokunev/data/git_root/alinx/alinx_streamer_1/alinx_pcie_axi_1/alinx_pcie_axi_1.gen/sources_1/bd/design_1/ip/design_1_system_ila_1_0/bd_0/synth/bd_365d.v:189]
INFO: [Synth 8-6071] Mark debug on the nets applies keep_hierarchy on instance 'slot_0_aw'. This will prevent further optimization [/home/kokunev/data/git_root/alinx/alinx_streamer_1/alinx_pcie_axi_1/alinx_pcie_axi_1.gen/sources_1/bd/design_1/ip/design_1_system_ila_1_0/bd_0/synth/bd_365d.v:221]
INFO: [Synth 8-6071] Mark debug on the nets applies keep_hierarchy on instance 'slot_0_w'. This will prevent further optimization [/home/kokunev/data/git_root/alinx/alinx_streamer_1/alinx_pcie_axi_1/alinx_pcie_axi_1.gen/sources_1/bd/design_1/ip/design_1_system_ila_1_0/bd_0/synth/bd_365d.v:233]
INFO: [Synth 8-6071] Mark debug on the nets applies keep_hierarchy on instance 'slot_0_b'. This will prevent further optimization [/home/kokunev/data/git_root/alinx/alinx_streamer_1/alinx_pcie_axi_1/alinx_pcie_axi_1.gen/sources_1/bd/design_1/ip/design_1_system_ila_1_0/bd_0/synth/bd_365d.v:225]
INFO: [Synth 8-6071] Mark debug on the nets applies keep_hierarchy on instance 'slot_0_ar'. This will prevent further optimization [/home/kokunev/data/git_root/alinx/alinx_streamer_1/alinx_pcie_axi_1/alinx_pcie_axi_1.gen/sources_1/bd/design_1/ip/design_1_system_ila_1_0/bd_0/synth/bd_365d.v:217]
INFO: [Synth 8-6071] Mark debug on the nets applies keep_hierarchy on instance 'slot_0_r'. This will prevent further optimization [/home/kokunev/data/git_root/alinx/alinx_streamer_1/alinx_pcie_axi_1/alinx_pcie_axi_1.gen/sources_1/bd/design_1/ip/design_1_system_ila_1_0/bd_0/synth/bd_365d.v:229]
WARNING: [Synth 8-6014] Unused sequential element m_axi_arcacheissueq_reg was removed. 
WARNING: [Synth 8-6014] Unused sequential element m_axi_reqidq_reg was removed. 
WARNING: [Synth 8-6014] Unused sequential element m_axi_arlenpendq_reg was removed. 
WARNING: [Synth 8-6014] Unused sequential element m_axi_barq_reg was removed. 
WARNING: [Synth 8-4767] Trying to implement RAM 'MemArray_reg' in registers. Block RAM or DRAM implementation is not possible; see log for reasons. [/home/kokunev/data/git_root/alinx/alinx_streamer_1/alinx_pcie_axi_1/alinx_pcie_axi_1.gen/sources_1/bd/design_1/ipshared/d6c9/hdl/verilog/axidma_fifo.vh:1118]
Reason is one or more of the following :
	1: Only 1 word in RAM 
WARNING: [Synth 8-6014] Unused sequential element tag_rrq_usr_ofst_mem_even_reg was removed. 
WARNING: [Synth 8-6014] Unused sequential element tag_rrq_usr_ofst_mem_odd_reg was removed. 
WARNING: [Synth 8-6014] Unused sequential element gen_rd_b.gen_doutb_pipe.enb_pipe_reg[0] was removed.  [/opt/Xilinx_2/2025.2/data/ip/xpm/xpm_memory/hdl/xpm_memory.sv:3087]
WARNING: [Synth 8-6014] Unused sequential element tx_64.req_ep_reg was removed.  [/home/kokunev/data/git_root/alinx/alinx_streamer_1/alinx_pcie_axi_1/alinx_pcie_axi_1.gen/sources_1/bd/design_1/ip/design_1_xdma_0_0/xdma_v4_2/hdl/verilog/design_1_xdma_0_0_dma_req.sv:201]
WARNING: [Synth 8-6014] Unused sequential element tx_64.req_rid_reg was removed.  [/home/kokunev/data/git_root/alinx/alinx_streamer_1/alinx_pcie_axi_1/alinx_pcie_axi_1.gen/sources_1/bd/design_1/ip/design_1_xdma_0_0/xdma_v4_2/hdl/verilog/design_1_xdma_0_0_dma_req.sv:202]
WARNING: [Synth 8-6014] Unused sequential element tx_64.req_tag_reg was removed.  [/home/kokunev/data/git_root/alinx/alinx_streamer_1/alinx_pcie_axi_1/alinx_pcie_axi_1.gen/sources_1/bd/design_1/ip/design_1_xdma_0_0/xdma_v4_2/hdl/verilog/design_1_xdma_0_0_dma_req.sv:203]
WARNING: [Synth 8-6014] Unused sequential element tx_64.req_cid_reg was removed.  [/home/kokunev/data/git_root/alinx/alinx_streamer_1/alinx_pcie_axi_1/alinx_pcie_axi_1.gen/sources_1/bd/design_1/ip/design_1_xdma_0_0/xdma_v4_2/hdl/verilog/design_1_xdma_0_0_dma_req.sv:204]
WARNING: [Synth 8-6014] Unused sequential element tx_64.req_tc_reg was removed.  [/home/kokunev/data/git_root/alinx/alinx_streamer_1/alinx_pcie_axi_1/alinx_pcie_axi_1.gen/sources_1/bd/design_1/ip/design_1_xdma_0_0/xdma_v4_2/hdl/verilog/design_1_xdma_0_0_dma_req.sv:205]
WARNING: [Synth 8-6014] Unused sequential element tx_64.req_attr_reg was removed.  [/home/kokunev/data/git_root/alinx/alinx_streamer_1/alinx_pcie_axi_1/alinx_pcie_axi_1.gen/sources_1/bd/design_1/ip/design_1_xdma_0_0/xdma_v4_2/hdl/verilog/design_1_xdma_0_0_dma_req.sv:206]
WARNING: [Synth 8-6014] Unused sequential element rc_64.wr_td_reg was removed.  [/home/kokunev/data/git_root/alinx/alinx_streamer_1/alinx_pcie_axi_1/alinx_pcie_axi_1.gen/sources_1/bd/design_1/ip/design_1_xdma_0_0/xdma_v4_2/hdl/verilog/design_1_xdma_0_0_dma_cpl.sv:183]
WARNING: [Synth 8-6014] Unused sequential element rc_64.wr_rid_reg was removed.  [/home/kokunev/data/git_root/alinx/alinx_streamer_1/alinx_pcie_axi_1/alinx_pcie_axi_1.gen/sources_1/bd/design_1/ip/design_1_xdma_0_0/xdma_v4_2/hdl/verilog/design_1_xdma_0_0_dma_cpl.sv:187]
WARNING: [Synth 8-6014] Unused sequential element rc_64.wr_be_reg was removed.  [/home/kokunev/data/git_root/alinx/alinx_streamer_1/alinx_pcie_axi_1/alinx_pcie_axi_1.gen/sources_1/bd/design_1/ip/design_1_xdma_0_0/xdma_v4_2/hdl/verilog/design_1_xdma_0_0_dma_cpl.sv:190]
WARNING: [Synth 8-6014] Unused sequential element rc_64.wr_addr_reg was removed.  [/home/kokunev/data/git_root/alinx/alinx_streamer_1/alinx_pcie_axi_1/alinx_pcie_axi_1.gen/sources_1/bd/design_1/ip/design_1_xdma_0_0/xdma_v4_2/hdl/verilog/design_1_xdma_0_0_dma_cpl.sv:191]
WARNING: [Synth 8-6014] Unused sequential element wr_data_reg_reg was removed.  [/home/kokunev/data/git_root/alinx/alinx_streamer_1/alinx_pcie_axi_1/alinx_pcie_axi_1.gen/sources_1/bd/design_1/ip/design_1_xdma_0_0/xdma_v4_2/hdl/verilog/design_1_xdma_0_0_dma_cpl.sv:161]
WARNING: [Synth 8-6014] Unused sequential element tx_64.req_id_en_reg was removed.  [/home/kokunev/data/git_root/alinx/alinx_streamer_1/alinx_pcie_axi_1/alinx_pcie_axi_1.gen/sources_1/bd/design_1/ip/design_1_xdma_0_0/xdma_v4_2/hdl/verilog/design_1_xdma_0_0_tgt_req.sv:173]
WARNING: [Synth 8-6014] Unused sequential element tx_64.req_ep_reg was removed.  [/home/kokunev/data/git_root/alinx/alinx_streamer_1/alinx_pcie_axi_1/alinx_pcie_axi_1.gen/sources_1/bd/design_1/ip/design_1_xdma_0_0/xdma_v4_2/hdl/verilog/design_1_xdma_0_0_tgt_req.sv:180]
WARNING: [Synth 8-6014] Unused sequential element tx_64.req_lbe_reg was removed.  [/home/kokunev/data/git_root/alinx/alinx_streamer_1/alinx_pcie_axi_1/alinx_pcie_axi_1.gen/sources_1/bd/design_1/ip/design_1_xdma_0_0/xdma_v4_2/hdl/verilog/design_1_xdma_0_0_tgt_req.sv:187]
WARNING: [Synth 8-6014] Unused sequential element tx_64.compl_cid_reg was removed.  [/home/kokunev/data/git_root/alinx/alinx_streamer_1/alinx_pcie_axi_1/alinx_pcie_axi_1.gen/sources_1/bd/design_1/ip/design_1_xdma_0_0/xdma_v4_2/hdl/verilog/design_1_xdma_0_0_tgt_cpl.sv:166]
WARNING: [Synth 8-6014] Unused sequential element tx_64.compl_tc_reg was removed.  [/home/kokunev/data/git_root/alinx/alinx_streamer_1/alinx_pcie_axi_1/alinx_pcie_axi_1.gen/sources_1/bd/design_1/ip/design_1_xdma_0_0/xdma_v4_2/hdl/verilog/design_1_xdma_0_0_tgt_cpl.sv:167]
WARNING: [Synth 8-6014] Unused sequential element tx_64.compl_attr_reg was removed.  [/home/kokunev/data/git_root/alinx/alinx_streamer_1/alinx_pcie_axi_1/alinx_pcie_axi_1.gen/sources_1/bd/design_1/ip/design_1_xdma_0_0/xdma_v4_2/hdl/verilog/design_1_xdma_0_0_tgt_cpl.sv:168]
WARNING: [Synth 8-6014] Unused sequential element tx_64.compl_ecrc_reg was removed.  [/home/kokunev/data/git_root/alinx/alinx_streamer_1/alinx_pcie_axi_1/alinx_pcie_axi_1.gen/sources_1/bd/design_1/ip/design_1_xdma_0_0/xdma_v4_2/hdl/verilog/design_1_xdma_0_0_tgt_cpl.sv:169]
WARNING: [Synth 8-6014] Unused sequential element s_axis_tx_tlast_reg was removed.  [/home/kokunev/data/git_root/alinx/alinx_streamer_1/alinx_pcie_axi_1/alinx_pcie_axi_1.gen/sources_1/bd/design_1/ip/design_1_xdma_0_0/xdma_v4_2/hdl/verilog/design_1_xdma_0_0_cfg_sideband.sv:787]
INFO: [Synth 8-6014] Unused sequential element trn_rdllp_src_rdy_d_reg was removed.  [/home/kokunev/data/git_root/alinx/alinx_streamer_1/alinx_pcie_axi_1/alinx_pcie_axi_1.gen/sources_1/bd/design_1/ip/design_1_xdma_0_0/ip_0/source/design_1_xdma_0_0_pcie2_ip_axi_basic_tx_thrtl_ctl.v:421]
INFO: [Synth 8-6014] Unused sequential element reg_tlast_reg was removed.  [/home/kokunev/data/git_root/alinx/alinx_streamer_1/alinx_pcie_axi_1/alinx_pcie_axi_1.gen/sources_1/bd/design_1/ip/design_1_xdma_0_0/ip_0/source/design_1_xdma_0_0_pcie2_ip_axi_basic_tx_thrtl_ctl.v:655]
INFO: [Synth 8-6014] Unused sequential element flush_axi_reg was removed.  [/home/kokunev/data/git_root/alinx/alinx_streamer_1/alinx_pcie_axi_1/alinx_pcie_axi_1.gen/sources_1/bd/design_1/ip/design_1_xdma_0_0/ip_0/source/design_1_xdma_0_0_pcie2_ip_axi_basic_tx_pipeline.v:528]
INFO: [Synth 8-6014] Unused sequential element reg_eios_detected_reg was removed.  [/home/kokunev/data/git_root/alinx/alinx_streamer_1/alinx_pcie_axi_1/alinx_pcie_axi_1.gen/sources_1/bd/design_1/ip/design_1_xdma_0_0/ip_0/source/design_1_xdma_0_0_pcie2_ip_gt_rx_valid_filter_7x.v:135]
INFO: [Synth 8-6014] Unused sequential element gt_rx_is_skp0_q_reg was removed.  [/home/kokunev/data/git_root/alinx/alinx_streamer_1/alinx_pcie_axi_1/alinx_pcie_axi_1.gen/sources_1/bd/design_1/ip/design_1_xdma_0_0/ip_0/source/design_1_xdma_0_0_pcie2_ip_gt_rx_valid_filter_7x.v:144]
INFO: [Synth 8-6014] Unused sequential element gt_rx_is_skp1_q_reg was removed.  [/home/kokunev/data/git_root/alinx/alinx_streamer_1/alinx_pcie_axi_1/alinx_pcie_axi_1.gen/sources_1/bd/design_1/ip/design_1_xdma_0_0/ip_0/source/design_1_xdma_0_0_pcie2_ip_gt_rx_valid_filter_7x.v:145]
INFO: [Synth 8-6014] Unused sequential element pclk_sel_slave_reg was removed.  [/home/kokunev/data/git_root/alinx/alinx_streamer_1/alinx_pcie_axi_1/alinx_pcie_axi_1.gen/sources_1/bd/design_1/ip/design_1_xdma_0_0/ip_0/source/design_1_xdma_0_0_pcie2_ip_pipe_clock.v:590]
INFO: [Synth 8-6014] Unused sequential element gen3_rdy_reg was removed.  [/home/kokunev/data/git_root/alinx/alinx_streamer_1/alinx_pcie_axi_1/alinx_pcie_axi_1.gen/sources_1/bd/design_1/ip/design_1_xdma_0_0/ip_0/source/design_1_xdma_0_0_pcie2_ip_pipe_user.v:562]
WARNING: [Synth 8-6014] Unused sequential element rxsync_fsm_disable.rxsync_done_reg was removed.  [/home/kokunev/data/git_root/alinx/alinx_streamer_1/alinx_pcie_axi_1/alinx_pcie_axi_1.gen/sources_1/bd/design_1/ip/design_1_xdma_0_0/ip_0/source/design_1_xdma_0_0_pcie2_ip_pipe_sync.v:613]
INFO: [Synth 8-6014] Unused sequential element pipe_lane[0].gt_rxrcvrdet_c_reg was removed.  [/home/kokunev/data/git_root/alinx/alinx_streamer_1/alinx_pcie_axi_1/alinx_pcie_axi_1.gen/sources_1/bd/design_1/ip/design_1_xdma_0_0/ip_0/source/design_1_xdma_0_0_pcie2_ip_pipe_wrapper.v:1660]
INFO: [Synth 8-6014] Unused sequential element pipe_lane[1].gt_rxrcvrdet_c_reg was removed.  [/home/kokunev/data/git_root/alinx/alinx_streamer_1/alinx_pcie_axi_1/alinx_pcie_axi_1.gen/sources_1/bd/design_1/ip/design_1_xdma_0_0/ip_0/source/design_1_xdma_0_0_pcie2_ip_pipe_wrapper.v:1660]
WARNING: [Synth 8-6014] Unused sequential element sys_rst_lock_reg_reg was removed.  [/home/kokunev/data/git_root/alinx/alinx_streamer_1/alinx_pcie_axi_1/alinx_pcie_axi_1.gen/sources_1/bd/design_1/ip/design_1_xdma_0_0/xdma_v4_2/hdl/verilog/design_1_xdma_0_0_core_top.sv:4090]
WARNING: [Synth 8-6014] Unused sequential element rst_load_reg was removed.  [/home/kokunev/data/git_root/alinx/alinx_streamer_1/alinx_pcie_axi_1/alinx_pcie_axi_1.gen/sources_1/bd/design_1/ipshared/d6c9/hdl/xdma_v4_2_vl_rfs.sv:15210]
WARNING: [Synth 8-6014] Unused sequential element evt_sts_bsy_nn1_reg was removed.  [/home/kokunev/data/git_root/alinx/alinx_streamer_1/alinx_pcie_axi_1/alinx_pcie_axi_1.gen/sources_1/bd/design_1/ipshared/d6c9/hdl/xdma_v4_2_vl_rfs.sv:15761]
WARNING: [Synth 8-6014] Unused sequential element cfg_mpl_nn1_reg was removed.  [/home/kokunev/data/git_root/alinx/alinx_streamer_1/alinx_pcie_axi_1/alinx_pcie_axi_1.gen/sources_1/bd/design_1/ipshared/d6c9/hdl/xdma_v4_2_vl_rfs.sv:15845]
WARNING: [Synth 8-6014] Unused sequential element chn_rrq_lst_nn1_reg[1] was removed.  [/home/kokunev/data/git_root/alinx/alinx_streamer_1/alinx_pcie_axi_1/alinx_pcie_axi_1.gen/sources_1/bd/design_1/ipshared/d6c9/hdl/xdma_v4_2_vl_rfs.sv:16182]
WARNING: [Synth 8-6014] Unused sequential element chn_rrq_lst_nn1_reg[0] was removed.  [/home/kokunev/data/git_root/alinx/alinx_streamer_1/alinx_pcie_axi_1/alinx_pcie_axi_1.gen/sources_1/bd/design_1/ipshared/d6c9/hdl/xdma_v4_2_vl_rfs.sv:16182]
WARNING: [Synth 8-6014] Unused sequential element chn_rrq_exp_nn1_reg[1] was removed.  [/home/kokunev/data/git_root/alinx/alinx_streamer_1/alinx_pcie_axi_1/alinx_pcie_axi_1.gen/sources_1/bd/design_1/ipshared/d6c9/hdl/xdma_v4_2_vl_rfs.sv:16193]
WARNING: [Synth 8-6014] Unused sequential element chn_rrq_exp_nn1_reg[0] was removed.  [/home/kokunev/data/git_root/alinx/alinx_streamer_1/alinx_pcie_axi_1/alinx_pcie_axi_1.gen/sources_1/bd/design_1/ipshared/d6c9/hdl/xdma_v4_2_vl_rfs.sv:16193]
WARNING: [Synth 8-6014] Unused sequential element chn_rrq_pnd_fe_nn1_reg was removed.  [/home/kokunev/data/git_root/alinx/alinx_streamer_1/alinx_pcie_axi_1/alinx_pcie_axi_1.gen/sources_1/bd/design_1/ipshared/d6c9/hdl/xdma_v4_2_vl_rfs.sv:16228]
WARNING: [Synth 8-6014] Unused sequential element rcp_vld_ok_nn1_reg was removed.  [/home/kokunev/data/git_root/alinx/alinx_streamer_1/alinx_pcie_axi_1/alinx_pcie_axi_1.gen/sources_1/bd/design_1/ipshared/d6c9/hdl/xdma_v4_2_vl_rfs.sv:16321]
WARNING: [Synth 8-6014] Unused sequential element ch_arb_req_nn1_reg was removed.  [/home/kokunev/data/git_root/alinx/alinx_streamer_1/alinx_pcie_axi_1/alinx_pcie_axi_1.gen/sources_1/bd/design_1/ipshared/d6c9/hdl/xdma_v4_2_vl_rfs.sv:16446]
WARNING: [Synth 8-6014] Unused sequential element chn_dsc_wr_nn1_reg was removed.  [/home/kokunev/data/git_root/alinx/alinx_streamer_1/alinx_pcie_axi_1/alinx_pcie_axi_1.gen/sources_1/bd/design_1/ipshared/d6c9/hdl/xdma_v4_2_vl_rfs.sv:16511]
WARNING: [Synth 8-6014] Unused sequential element chn_dsc_ep_nn1_reg was removed.  [/home/kokunev/data/git_root/alinx/alinx_streamer_1/alinx_pcie_axi_1/alinx_pcie_axi_1.gen/sources_1/bd/design_1/ipshared/d6c9/hdl/xdma_v4_2_vl_rfs.sv:16518]
WARNING: [Synth 8-6014] Unused sequential element chn_dsc_rq_cnt_nn1_reg[1] was removed.  [/home/kokunev/data/git_root/alinx/alinx_streamer_1/alinx_pcie_axi_1/alinx_pcie_axi_1.gen/sources_1/bd/design_1/ipshared/d6c9/hdl/xdma_v4_2_vl_rfs.sv:16539]
WARNING: [Synth 8-6014] Unused sequential element chn_dsc_rq_cnt_nn1_reg[0] was removed.  [/home/kokunev/data/git_root/alinx/alinx_streamer_1/alinx_pcie_axi_1/alinx_pcie_axi_1.gen/sources_1/bd/design_1/ipshared/d6c9/hdl/xdma_v4_2_vl_rfs.sv:16539]
WARNING: [Synth 8-6014] Unused sequential element chn_dsc_wr_cnt_nn1_reg[1] was removed.  [/home/kokunev/data/git_root/alinx/alinx_streamer_1/alinx_pcie_axi_1/alinx_pcie_axi_1.gen/sources_1/bd/design_1/ipshared/d6c9/hdl/xdma_v4_2_vl_rfs.sv:16540]
WARNING: [Synth 8-6014] Unused sequential element chn_dsc_wr_cnt_nn1_reg[0] was removed.  [/home/kokunev/data/git_root/alinx/alinx_streamer_1/alinx_pcie_axi_1/alinx_pcie_axi_1.gen/sources_1/bd/design_1/ipshared/d6c9/hdl/xdma_v4_2_vl_rfs.sv:16540]
WARNING: [Synth 8-6014] Unused sequential element chn_dsc_rd_cnt_nn1_reg[1] was removed.  [/home/kokunev/data/git_root/alinx/alinx_streamer_1/alinx_pcie_axi_1/alinx_pcie_axi_1.gen/sources_1/bd/design_1/ipshared/d6c9/hdl/xdma_v4_2_vl_rfs.sv:16541]
WARNING: [Synth 8-6014] Unused sequential element chn_dsc_rd_cnt_nn1_reg[0] was removed.  [/home/kokunev/data/git_root/alinx/alinx_streamer_1/alinx_pcie_axi_1/alinx_pcie_axi_1.gen/sources_1/bd/design_1/ipshared/d6c9/hdl/xdma_v4_2_vl_rfs.sv:16541]
WARNING: [Synth 8-6014] Unused sequential element dsc_fifo_rp2_nn3_reg was removed.  [/home/kokunev/data/git_root/alinx/alinx_streamer_1/alinx_pcie_axi_1/alinx_pcie_axi_1.gen/sources_1/bd/design_1/ipshared/d6c9/hdl/xdma_v4_2_vl_rfs.sv:16563]
WARNING: [Synth 8-6014] Unused sequential element dsc_fifo_rp2_nn4_reg was removed.  [/home/kokunev/data/git_root/alinx/alinx_streamer_1/alinx_pcie_axi_1/alinx_pcie_axi_1.gen/sources_1/bd/design_1/ipshared/d6c9/hdl/xdma_v4_2_vl_rfs.sv:16564]
WARNING: [Synth 8-6014] Unused sequential element dsc_acc_len_nn2_reg was removed.  [/home/kokunev/data/git_root/alinx/alinx_streamer_1/alinx_pcie_axi_1/alinx_pcie_axi_1.gen/sources_1/bd/design_1/ipshared/d6c9/hdl/xdma_v4_2_vl_rfs.sv:16630]
WARNING: [Synth 8-6014] Unused sequential element rrq_head_faln_nn1_reg was removed.  [/home/kokunev/data/git_root/alinx/alinx_streamer_1/alinx_pcie_axi_1/alinx_pcie_axi_1.gen/sources_1/bd/design_1/ipshared/d6c9/hdl/xdma_v4_2_vl_rfs.sv:16163]
WARNING: [Synth 8-6014] Unused sequential element rrq_head_laln_nn1_reg was removed.  [/home/kokunev/data/git_root/alinx/alinx_streamer_1/alinx_pcie_axi_1/alinx_pcie_axi_1.gen/sources_1/bd/design_1/ipshared/d6c9/hdl/xdma_v4_2_vl_rfs.sv:16164]
WARNING: [Synth 8-6014] Unused sequential element chn_rcp_laln_nn1_reg was removed.  [/home/kokunev/data/git_root/alinx/alinx_streamer_1/alinx_pcie_axi_1/alinx_pcie_axi_1.gen/sources_1/bd/design_1/ipshared/d6c9/hdl/xdma_v4_2_vl_rfs.sv:16516]
WARNING: [Synth 8-3936] Found unconnected internal register 'dsc_fifo_din_nn1_reg' and it is trimmed from '512' to '128' bits. [/home/kokunev/data/git_root/alinx/alinx_streamer_1/alinx_pcie_axi_1/alinx_pcie_axi_1.gen/sources_1/bd/design_1/ipshared/d6c9/hdl/xdma_v4_2_vl_rfs.sv:15587]
WARNING: [Synth 8-3936] Found unconnected internal register 'dsc_fifo_din_reg' and it is trimmed from '512' to '128' bits. [/home/kokunev/data/git_root/alinx/alinx_streamer_1/alinx_pcie_axi_1/alinx_pcie_axi_1.gen/sources_1/bd/design_1/ipshared/d6c9/hdl/xdma_v4_2_vl_rfs.sv:16393]
INFO: [Synth 8-4471] merging register 'rrq_rdy_out_nn1_reg' into 'rrq_rdy_nn1_reg' [/home/kokunev/data/git_root/alinx/alinx_streamer_1/alinx_pcie_axi_1/alinx_pcie_axi_1.gen/sources_1/bd/design_1/ipshared/d6c9/hdl/xdma_v4_2_vl_rfs.sv:15864]
WARNING: [Synth 8-6014] Unused sequential element rrq_rdy_out_nn1_reg was removed.  [/home/kokunev/data/git_root/alinx/alinx_streamer_1/alinx_pcie_axi_1/alinx_pcie_axi_1.gen/sources_1/bd/design_1/ipshared/d6c9/hdl/xdma_v4_2_vl_rfs.sv:15864]
WARNING: [Synth 8-6014] Unused sequential element dsc_ep_nn1_reg was removed.  [/home/kokunev/data/git_root/alinx/alinx_streamer_1/alinx_pcie_axi_1/alinx_pcie_axi_1.gen/sources_1/bd/design_1/ipshared/d6c9/hdl/xdma_v4_2_vl_rfs.sv:18874]
WARNING: [Synth 8-6014] Unused sequential element reg_cdc_nn2_reg was removed.  [/home/kokunev/data/git_root/alinx/alinx_streamer_1/alinx_pcie_axi_1/alinx_pcie_axi_1.gen/sources_1/bd/design_1/ipshared/d6c9/hdl/xdma_v4_2_vl_rfs.sv:19248]
WARNING: [Synth 8-6014] Unused sequential element rcp_rdy_102_reg was removed.  [/home/kokunev/data/git_root/alinx/alinx_streamer_1/alinx_pcie_axi_1/alinx_pcie_axi_1.gen/sources_1/bd/design_1/ipshared/d6c9/hdl/xdma_v4_2_vl_rfs.sv:19302]
WARNING: [Synth 8-6014] Unused sequential element rcp_rid_102_reg was removed.  [/home/kokunev/data/git_root/alinx/alinx_streamer_1/alinx_pcie_axi_1/alinx_pcie_axi_1.gen/sources_1/bd/design_1/ipshared/d6c9/hdl/xdma_v4_2_vl_rfs.sv:19304]
WARNING: [Synth 8-6014] Unused sequential element wrq_rid_vld_302_reg was removed.  [/home/kokunev/data/git_root/alinx/alinx_streamer_1/alinx_pcie_axi_1/alinx_pcie_axi_1.gen/sources_1/bd/design_1/ipshared/d6c9/hdl/xdma_v4_2_vl_rfs.sv:19379]
WARNING: [Synth 8-6014] Unused sequential element wrq_did_head_301_reg was removed.  [/home/kokunev/data/git_root/alinx/alinx_streamer_1/alinx_pcie_axi_1/alinx_pcie_axi_1.gen/sources_1/bd/design_1/ipshared/d6c9/hdl/xdma_v4_2_vl_rfs.sv:19419]
WARNING: [Synth 8-6014] Unused sequential element wrq_did_302_reg was removed.  [/home/kokunev/data/git_root/alinx/alinx_streamer_1/alinx_pcie_axi_1/alinx_pcie_axi_1.gen/sources_1/bd/design_1/ipshared/d6c9/hdl/xdma_v4_2_vl_rfs.sv:19602]
WARNING: [Synth 8-6014] Unused sequential element wrq_did_out_303_reg was removed.  [/home/kokunev/data/git_root/alinx/alinx_streamer_1/alinx_pcie_axi_1/alinx_pcie_axi_1.gen/sources_1/bd/design_1/ipshared/d6c9/hdl/xdma_v4_2_vl_rfs.sv:19603]
WARNING: [Synth 8-6014] Unused sequential element wrq_wbk_303_reg was removed.  [/home/kokunev/data/git_root/alinx/alinx_streamer_1/alinx_pcie_axi_1/alinx_pcie_axi_1.gen/sources_1/bd/design_1/ipshared/d6c9/hdl/xdma_v4_2_vl_rfs.sv:19605]
WARNING: [Synth 8-6014] Unused sequential element wrq_bt_rem_302_reg was removed.  [/home/kokunev/data/git_root/alinx/alinx_streamer_1/alinx_pcie_axi_1/alinx_pcie_axi_1.gen/sources_1/bd/design_1/ipshared/d6c9/hdl/xdma_v4_2_vl_rfs.sv:19607]
WARNING: [Synth 8-6014] Unused sequential element wrq_bt_adj_302_reg was removed.  [/home/kokunev/data/git_root/alinx/alinx_streamer_1/alinx_pcie_axi_1/alinx_pcie_axi_1.gen/sources_1/bd/design_1/ipshared/d6c9/hdl/xdma_v4_2_vl_rfs.sv:19608]
WARNING: [Synth 8-6014] Unused sequential element wrq_spl_fst_302_reg was removed.  [/home/kokunev/data/git_root/alinx/alinx_streamer_1/alinx_pcie_axi_1/alinx_pcie_axi_1.gen/sources_1/bd/design_1/ipshared/d6c9/hdl/xdma_v4_2_vl_rfs.sv:19609]
WARNING: [Synth 8-6014] Unused sequential element wrq_bt_len_303_reg was removed.  [/home/kokunev/data/git_root/alinx/alinx_streamer_1/alinx_pcie_axi_1/alinx_pcie_axi_1.gen/sources_1/bd/design_1/ipshared/d6c9/hdl/xdma_v4_2_vl_rfs.sv:19713]
WARNING: [Synth 8-6014] Unused sequential element wrq_bt_len_304_reg was removed.  [/home/kokunev/data/git_root/alinx/alinx_streamer_1/alinx_pcie_axi_1/alinx_pcie_axi_1.gen/sources_1/bd/design_1/ipshared/d6c9/hdl/xdma_v4_2_vl_rfs.sv:19714]
WARNING: [Synth 8-6014] Unused sequential element rrq_ld_902_reg was removed.  [/home/kokunev/data/git_root/alinx/alinx_streamer_1/alinx_pcie_axi_1/alinx_pcie_axi_1.gen/sources_1/bd/design_1/ipshared/d6c9/hdl/xdma_v4_2_vl_rfs.sv:20081]
WARNING: [Synth 8-6014] Unused sequential element rrq_did_nn1_reg was removed. 
WARNING: [Synth 8-6014] Unused sequential element dsc_ladr_nn1_reg was removed.  [/home/kokunev/data/git_root/alinx/alinx_streamer_1/alinx_pcie_axi_1/alinx_pcie_axi_1.gen/sources_1/bd/design_1/ipshared/d6c9/hdl/xdma_v4_2_vl_rfs.sv:20234]
WARNING: [Synth 8-6014] Unused sequential element rrq_dsc_wfba_902_reg was removed.  [/home/kokunev/data/git_root/alinx/alinx_streamer_1/alinx_pcie_axi_1/alinx_pcie_axi_1.gen/sources_1/bd/design_1/ipshared/d6c9/hdl/xdma_v4_2_vl_rfs.sv:20305]
WARNING: [Synth 8-6014] Unused sequential element dat_fifo_hd_nn2_reg was removed.  [/home/kokunev/data/git_root/alinx/alinx_streamer_1/alinx_pcie_axi_1/alinx_pcie_axi_1.gen/sources_1/bd/design_1/ipshared/d6c9/hdl/xdma_v4_2_vl_rfs.sv:20487]
INFO: [Synth 8-4471] merging register 'dat_fifo_vld_101_reg' into 'dat_fifo_ren_101_reg' [/home/kokunev/data/git_root/alinx/alinx_streamer_1/alinx_pcie_axi_1/alinx_pcie_axi_1.gen/sources_1/bd/design_1/ipshared/d6c9/hdl/xdma_v4_2_vl_rfs.sv:19294]
WARNING: [Synth 8-6014] Unused sequential element dat_fifo_vld_101_reg was removed.  [/home/kokunev/data/git_root/alinx/alinx_streamer_1/alinx_pcie_axi_1/alinx_pcie_axi_1.gen/sources_1/bd/design_1/ipshared/d6c9/hdl/xdma_v4_2_vl_rfs.sv:19294]
WARNING: [Synth 8-6014] Unused sequential element dsc_ep_nn1_reg was removed.  [/home/kokunev/data/git_root/alinx/alinx_streamer_1/alinx_pcie_axi_1/alinx_pcie_axi_1.gen/sources_1/bd/design_1/ipshared/d6c9/hdl/xdma_v4_2_vl_rfs.sv:18874]
WARNING: [Synth 8-6014] Unused sequential element dat_fifo_ren_101_reg was removed.  [/home/kokunev/data/git_root/alinx/alinx_streamer_1/alinx_pcie_axi_1/alinx_pcie_axi_1.gen/sources_1/bd/design_1/ipshared/d6c9/hdl/xdma_v4_2_vl_rfs.sv:18892]
WARNING: [Synth 8-6014] Unused sequential element dat_fifo_inc_101_reg was removed.  [/home/kokunev/data/git_root/alinx/alinx_streamer_1/alinx_pcie_axi_1/alinx_pcie_axi_1.gen/sources_1/bd/design_1/ipshared/d6c9/hdl/xdma_v4_2_vl_rfs.sv:18893]
WARNING: [Synth 8-6014] Unused sequential element rcp_eop_100_reg was removed.  [/home/kokunev/data/git_root/alinx/alinx_streamer_1/alinx_pcie_axi_1/alinx_pcie_axi_1.gen/sources_1/bd/design_1/ipshared/d6c9/hdl/xdma_v4_2_vl_rfs.sv:18909]
INFO: [Common 17-14] Message 'Synth 8-6014' appears 100 times and further instances of the messages will be disabled. Use the Tcl command set_msg_config to change the current settings.
INFO: [Synth 8-4471] merging register 'wrq_spl_lst_303_reg' into 'wrq_eor_out_303_reg' [/home/kokunev/data/git_root/alinx/alinx_streamer_1/alinx_pcie_axi_1/alinx_pcie_axi_1.gen/sources_1/bd/design_1/ipshared/d6c9/hdl/xdma_v4_2_vl_rfs.sv:19716]
INFO: [Synth 8-7156] Variable shifter node is optimized using Range optimization [/home/kokunev/data/git_root/alinx/alinx_streamer_1/alinx_pcie_axi_1/alinx_pcie_axi_1.gen/sources_1/bd/design_1/ipshared/d6c9/hdl/xdma_v4_2_vl_rfs.sv:14028]
WARNING: [Synth 8-7129] Port Din[24] in module xlslice_v1_0_5_xlslice is either unconnected or has no load
WARNING: [Synth 8-7129] Port Din[23] in module xlslice_v1_0_5_xlslice is either unconnected or has no load
WARNING: [Synth 8-7129] Port Din[22] in module xlslice_v1_0_5_xlslice is either unconnected or has no load
WARNING: [Synth 8-7129] Port Din[21] in module xlslice_v1_0_5_xlslice is either unconnected or has no load
WARNING: [Synth 8-7129] Port Din[20] in module xlslice_v1_0_5_xlslice is either unconnected or has no load
WARNING: [Synth 8-7129] Port Din[19] in module xlslice_v1_0_5_xlslice is either unconnected or has no load
WARNING: [Synth 8-7129] Port Din[18] in module xlslice_v1_0_5_xlslice is either unconnected or has no load
WARNING: [Synth 8-7129] Port Din[17] in module xlslice_v1_0_5_xlslice is either unconnected or has no load
WARNING: [Synth 8-7129] Port Din[16] in module xlslice_v1_0_5_xlslice is either unconnected or has no load
WARNING: [Synth 8-7129] Port Din[15] in module xlslice_v1_0_5_xlslice is either unconnected or has no load
WARNING: [Synth 8-7129] Port Din[14] in module xlslice_v1_0_5_xlslice is either unconnected or has no load
WARNING: [Synth 8-7129] Port Din[13] in module xlslice_v1_0_5_xlslice is either unconnected or has no load
WARNING: [Synth 8-7129] Port Din[12] in module xlslice_v1_0_5_xlslice is either unconnected or has no load
WARNING: [Synth 8-7129] Port Din[11] in module xlslice_v1_0_5_xlslice is either unconnected or has no load
WARNING: [Synth 8-7129] Port Din[10] in module xlslice_v1_0_5_xlslice is either unconnected or has no load
WARNING: [Synth 8-7129] Port Din[9] in module xlslice_v1_0_5_xlslice is either unconnected or has no load
WARNING: [Synth 8-7129] Port Din[8] in module xlslice_v1_0_5_xlslice is either unconnected or has no load
WARNING: [Synth 8-7129] Port Din[7] in module xlslice_v1_0_5_xlslice is either unconnected or has no load
WARNING: [Synth 8-7129] Port Din[6] in module xlslice_v1_0_5_xlslice is either unconnected or has no load
WARNING: [Synth 8-7129] Port Din[5] in module xlslice_v1_0_5_xlslice is either unconnected or has no load
WARNING: [Synth 8-7129] Port Din[4] in module xlslice_v1_0_5_xlslice is either unconnected or has no load
WARNING: [Synth 8-7129] Port Din[3] in module xlslice_v1_0_5_xlslice is either unconnected or has no load
WARNING: [Synth 8-7129] Port Din[2] in module xlslice_v1_0_5_xlslice is either unconnected or has no load
WARNING: [Synth 8-7129] Port Din[1] in module xlslice_v1_0_5_xlslice is either unconnected or has no load
WARNING: [Synth 8-7129] Port Din[0] in module xlslice_v1_0_5_xlslice is either unconnected or has no load
WARNING: [Synth 8-7129] Port In6[0] in module xlconcat_v2_1_7_xlconcat__parameterized0 is either unconnected or has no load
WARNING: [Synth 8-7129] Port In7[0] in module xlconcat_v2_1_7_xlconcat__parameterized0 is either unconnected or has no load
WARNING: [Synth 8-7129] Port In8[0] in module xlconcat_v2_1_7_xlconcat__parameterized0 is either unconnected or has no load
WARNING: [Synth 8-7129] Port In9[0] in module xlconcat_v2_1_7_xlconcat__parameterized0 is either unconnected or has no load
WARNING: [Synth 8-7129] Port In10[0] in module xlconcat_v2_1_7_xlconcat__parameterized0 is either unconnected or has no load
WARNING: [Synth 8-7129] Port In11[0] in module xlconcat_v2_1_7_xlconcat__parameterized0 is either unconnected or has no load
WARNING: [Synth 8-7129] Port In12[0] in module xlconcat_v2_1_7_xlconcat__parameterized0 is either unconnected or has no load
WARNING: [Synth 8-7129] Port In13[0] in module xlconcat_v2_1_7_xlconcat__parameterized0 is either unconnected or has no load
WARNING: [Synth 8-7129] Port In14[0] in module xlconcat_v2_1_7_xlconcat__parameterized0 is either unconnected or has no load
WARNING: [Synth 8-7129] Port In15[0] in module xlconcat_v2_1_7_xlconcat__parameterized0 is either unconnected or has no load
WARNING: [Synth 8-7129] Port In16[0] in module xlconcat_v2_1_7_xlconcat__parameterized0 is either unconnected or has no load
WARNING: [Synth 8-7129] Port In17[0] in module xlconcat_v2_1_7_xlconcat__parameterized0 is either unconnected or has no load
WARNING: [Synth 8-7129] Port In18[0] in module xlconcat_v2_1_7_xlconcat__parameterized0 is either unconnected or has no load
WARNING: [Synth 8-7129] Port In19[0] in module xlconcat_v2_1_7_xlconcat__parameterized0 is either unconnected or has no load
WARNING: [Synth 8-7129] Port In20[0] in module xlconcat_v2_1_7_xlconcat__parameterized0 is either unconnected or has no load
WARNING: [Synth 8-7129] Port In21[0] in module xlconcat_v2_1_7_xlconcat__parameterized0 is either unconnected or has no load
WARNING: [Synth 8-7129] Port In22[0] in module xlconcat_v2_1_7_xlconcat__parameterized0 is either unconnected or has no load
WARNING: [Synth 8-7129] Port In23[0] in module xlconcat_v2_1_7_xlconcat__parameterized0 is either unconnected or has no load
WARNING: [Synth 8-7129] Port In24[0] in module xlconcat_v2_1_7_xlconcat__parameterized0 is either unconnected or has no load
WARNING: [Synth 8-7129] Port In25[0] in module xlconcat_v2_1_7_xlconcat__parameterized0 is either unconnected or has no load
WARNING: [Synth 8-7129] Port In26[0] in module xlconcat_v2_1_7_xlconcat__parameterized0 is either unconnected or has no load
WARNING: [Synth 8-7129] Port In27[0] in module xlconcat_v2_1_7_xlconcat__parameterized0 is either unconnected or has no load
WARNING: [Synth 8-7129] Port In28[0] in module xlconcat_v2_1_7_xlconcat__parameterized0 is either unconnected or has no load
WARNING: [Synth 8-7129] Port In29[0] in module xlconcat_v2_1_7_xlconcat__parameterized0 is either unconnected or has no load
WARNING: [Synth 8-7129] Port In30[0] in module xlconcat_v2_1_7_xlconcat__parameterized0 is either unconnected or has no load
WARNING: [Synth 8-7129] Port In31[0] in module xlconcat_v2_1_7_xlconcat__parameterized0 is either unconnected or has no load
WARNING: [Synth 8-7129] Port In32[0] in module xlconcat_v2_1_7_xlconcat__parameterized0 is either unconnected or has no load
WARNING: [Synth 8-7129] Port In33[0] in module xlconcat_v2_1_7_xlconcat__parameterized0 is either unconnected or has no load
WARNING: [Synth 8-7129] Port In34[0] in module xlconcat_v2_1_7_xlconcat__parameterized0 is either unconnected or has no load
WARNING: [Synth 8-7129] Port In35[0] in module xlconcat_v2_1_7_xlconcat__parameterized0 is either unconnected or has no load
WARNING: [Synth 8-7129] Port In36[0] in module xlconcat_v2_1_7_xlconcat__parameterized0 is either unconnected or has no load
WARNING: [Synth 8-7129] Port In37[0] in module xlconcat_v2_1_7_xlconcat__parameterized0 is either unconnected or has no load
WARNING: [Synth 8-7129] Port In38[0] in module xlconcat_v2_1_7_xlconcat__parameterized0 is either unconnected or has no load
WARNING: [Synth 8-7129] Port In39[0] in module xlconcat_v2_1_7_xlconcat__parameterized0 is either unconnected or has no load
WARNING: [Synth 8-7129] Port In40[0] in module xlconcat_v2_1_7_xlconcat__parameterized0 is either unconnected or has no load
WARNING: [Synth 8-7129] Port In41[0] in module xlconcat_v2_1_7_xlconcat__parameterized0 is either unconnected or has no load
WARNING: [Synth 8-7129] Port In42[0] in module xlconcat_v2_1_7_xlconcat__parameterized0 is either unconnected or has no load
WARNING: [Synth 8-7129] Port In43[0] in module xlconcat_v2_1_7_xlconcat__parameterized0 is either unconnected or has no load
WARNING: [Synth 8-7129] Port In44[0] in module xlconcat_v2_1_7_xlconcat__parameterized0 is either unconnected or has no load
WARNING: [Synth 8-7129] Port In45[0] in module xlconcat_v2_1_7_xlconcat__parameterized0 is either unconnected or has no load
WARNING: [Synth 8-7129] Port In46[0] in module xlconcat_v2_1_7_xlconcat__parameterized0 is either unconnected or has no load
WARNING: [Synth 8-7129] Port In47[0] in module xlconcat_v2_1_7_xlconcat__parameterized0 is either unconnected or has no load
WARNING: [Synth 8-7129] Port In48[0] in module xlconcat_v2_1_7_xlconcat__parameterized0 is either unconnected or has no load
WARNING: [Synth 8-7129] Port In49[0] in module xlconcat_v2_1_7_xlconcat__parameterized0 is either unconnected or has no load
WARNING: [Synth 8-7129] Port In50[0] in module xlconcat_v2_1_7_xlconcat__parameterized0 is either unconnected or has no load
WARNING: [Synth 8-7129] Port In51[0] in module xlconcat_v2_1_7_xlconcat__parameterized0 is either unconnected or has no load
WARNING: [Synth 8-7129] Port In52[0] in module xlconcat_v2_1_7_xlconcat__parameterized0 is either unconnected or has no load
WARNING: [Synth 8-7129] Port In53[0] in module xlconcat_v2_1_7_xlconcat__parameterized0 is either unconnected or has no load
WARNING: [Synth 8-7129] Port In54[0] in module xlconcat_v2_1_7_xlconcat__parameterized0 is either unconnected or has no load
WARNING: [Synth 8-7129] Port In55[0] in module xlconcat_v2_1_7_xlconcat__parameterized0 is either unconnected or has no load
WARNING: [Synth 8-7129] Port In56[0] in module xlconcat_v2_1_7_xlconcat__parameterized0 is either unconnected or has no load
WARNING: [Synth 8-7129] Port In57[0] in module xlconcat_v2_1_7_xlconcat__parameterized0 is either unconnected or has no load
WARNING: [Synth 8-7129] Port In58[0] in module xlconcat_v2_1_7_xlconcat__parameterized0 is either unconnected or has no load
WARNING: [Synth 8-7129] Port In59[0] in module xlconcat_v2_1_7_xlconcat__parameterized0 is either unconnected or has no load
WARNING: [Synth 8-7129] Port In60[0] in module xlconcat_v2_1_7_xlconcat__parameterized0 is either unconnected or has no load
WARNING: [Synth 8-7129] Port In61[0] in module xlconcat_v2_1_7_xlconcat__parameterized0 is either unconnected or has no load
WARNING: [Synth 8-7129] Port In62[0] in module xlconcat_v2_1_7_xlconcat__parameterized0 is either unconnected or has no load
WARNING: [Synth 8-7129] Port In63[0] in module xlconcat_v2_1_7_xlconcat__parameterized0 is either unconnected or has no load
WARNING: [Synth 8-7129] Port In64[0] in module xlconcat_v2_1_7_xlconcat__parameterized0 is either unconnected or has no load
WARNING: [Synth 8-7129] Port In65[0] in module xlconcat_v2_1_7_xlconcat__parameterized0 is either unconnected or has no load
WARNING: [Synth 8-7129] Port In66[0] in module xlconcat_v2_1_7_xlconcat__parameterized0 is either unconnected or has no load
WARNING: [Synth 8-7129] Port In67[0] in module xlconcat_v2_1_7_xlconcat__parameterized0 is either unconnected or has no load
WARNING: [Synth 8-7129] Port In68[0] in module xlconcat_v2_1_7_xlconcat__parameterized0 is either unconnected or has no load
WARNING: [Synth 8-7129] Port In69[0] in module xlconcat_v2_1_7_xlconcat__parameterized0 is either unconnected or has no load
WARNING: [Synth 8-7129] Port In70[0] in module xlconcat_v2_1_7_xlconcat__parameterized0 is either unconnected or has no load
WARNING: [Synth 8-7129] Port In71[0] in module xlconcat_v2_1_7_xlconcat__parameterized0 is either unconnected or has no load
WARNING: [Synth 8-7129] Port In72[0] in module xlconcat_v2_1_7_xlconcat__parameterized0 is either unconnected or has no load
WARNING: [Synth 8-7129] Port In73[0] in module xlconcat_v2_1_7_xlconcat__parameterized0 is either unconnected or has no load
WARNING: [Synth 8-7129] Port In74[0] in module xlconcat_v2_1_7_xlconcat__parameterized0 is either unconnected or has no load
WARNING: [Synth 8-7129] Port In75[0] in module xlconcat_v2_1_7_xlconcat__parameterized0 is either unconnected or has no load
WARNING: [Synth 8-7129] Port In76[0] in module xlconcat_v2_1_7_xlconcat__parameterized0 is either unconnected or has no load
WARNING: [Synth 8-7129] Port In77[0] in module xlconcat_v2_1_7_xlconcat__parameterized0 is either unconnected or has no load
WARNING: [Synth 8-7129] Port In78[0] in module xlconcat_v2_1_7_xlconcat__parameterized0 is either unconnected or has no load
WARNING: [Synth 8-7129] Port In79[0] in module xlconcat_v2_1_7_xlconcat__parameterized0 is either unconnected or has no load
WARNING: [Synth 8-7129] Port In80[0] in module xlconcat_v2_1_7_xlconcat__parameterized0 is either unconnected or has no load
INFO: [Common 17-14] Message 'Synth 8-7129' appears 100 times and further instances of the messages will be disabled. Use the Tcl command set_msg_config to change the current settings.
---------------------------------------------------------------------------------
Finished RTL Elaboration : Time (s): cpu = 00:00:30 ; elapsed = 00:00:44 . Memory (MB): peak = 3274.984 ; gain = 1447.352 ; free physical = 36753 ; free virtual = 51454
---------------------------------------------------------------------------------
---------------------------------------------------------------------------------
Start Handling Custom Attributes
---------------------------------------------------------------------------------
---------------------------------------------------------------------------------
Finished Handling Custom Attributes : Time (s): cpu = 00:00:31 ; elapsed = 00:00:44 . Memory (MB): peak = 3274.984 ; gain = 1447.352 ; free physical = 36754 ; free virtual = 51456
---------------------------------------------------------------------------------
---------------------------------------------------------------------------------
Finished RTL Optimization Phase 1 : Time (s): cpu = 00:00:31 ; elapsed = 00:00:44 . Memory (MB): peak = 3274.984 ; gain = 1447.352 ; free physical = 36754 ; free virtual = 51456
---------------------------------------------------------------------------------
Netlist sorting complete. Time (s): cpu = 00:00:00.83 ; elapsed = 00:00:00.83 . Memory (MB): peak = 3274.984 ; gain = 0.000 ; free physical = 36934 ; free virtual = 51621
WARNING: [Netlist 29-345] The value of SIM_DEVICE on instance 'design_1_i/xdma_0/inst/design_1_xdma_0_0_pcie2_to_pcie3_wrapper_i/pcie2_ip_i/inst/inst/gt_top_i/pipe_wrapper_i/pipe_clock_int.pipe_clock_i/pclk_i1_bufgctrl.pclk_i1' of type 'BUFGCTRL' is 'ULTRASCALE'; it is being changed to match the current FPGA architecture, '7SERIES'. For functional simulation to match hardware behavior, the value of SIM_DEVICE should be changed in the source netlist. 
INFO: [Netlist 29-17] Analyzing 1258 Unisim elements for replacement
INFO: [Netlist 29-28] Unisim Transformation completed in 0 CPU seconds
WARNING: [Netlist 29-1115] Found multi-term driver net: design_1_i/util_ds_buf/U0/<const0>.
INFO: [Project 1-570] Preparing netlist for logic optimization

Processing XDC Constraints
Initializing timing engine
Parsing XDC File [/home/kokunev/data/git_root/alinx/alinx_streamer_1/alinx_pcie_axi_1/alinx_pcie_axi_1.gen/sources_1/bd/design_1/ip/design_1_xdma_0_0/ip_4/pcie2_fifo_generator_tgt_brdg.xdc] for cell 'design_1_i/xdma_0/inst/design_1_xdma_0_0_pcie2_to_pcie3_wrapper_i/design_1_xdma_0_0_axi_stream_intf_i/design_1_xdma_0_0_rx_demux_i/tgt_brdg_fifo_inst/U0'
Finished Parsing XDC File [/home/kokunev/data/git_root/alinx/alinx_streamer_1/alinx_pcie_axi_1/alinx_pcie_axi_1.gen/sources_1/bd/design_1/ip/design_1_xdma_0_0/ip_4/pcie2_fifo_generator_tgt_brdg.xdc] for cell 'design_1_i/xdma_0/inst/design_1_xdma_0_0_pcie2_to_pcie3_wrapper_i/design_1_xdma_0_0_axi_stream_intf_i/design_1_xdma_0_0_rx_demux_i/tgt_brdg_fifo_inst/U0'
Parsing XDC File [/home/kokunev/data/git_root/alinx/alinx_streamer_1/alinx_pcie_axi_1/alinx_pcie_axi_1.gen/sources_1/bd/design_1/ip/design_1_xdma_0_0/ip_3/pcie2_fifo_generator_dma_cpl.xdc] for cell 'design_1_i/xdma_0/inst/design_1_xdma_0_0_pcie2_to_pcie3_wrapper_i/design_1_xdma_0_0_axi_stream_intf_i/design_1_xdma_0_0_rx_demux_i/dma_cpl_fifo_inst/U0'
Finished Parsing XDC File [/home/kokunev/data/git_root/alinx/alinx_streamer_1/alinx_pcie_axi_1/alinx_pcie_axi_1.gen/sources_1/bd/design_1/ip/design_1_xdma_0_0/ip_3/pcie2_fifo_generator_dma_cpl.xdc] for cell 'design_1_i/xdma_0/inst/design_1_xdma_0_0_pcie2_to_pcie3_wrapper_i/design_1_xdma_0_0_axi_stream_intf_i/design_1_xdma_0_0_rx_demux_i/dma_cpl_fifo_inst/U0'
Parsing XDC File [/home/kokunev/data/git_root/alinx/alinx_streamer_1/alinx_pcie_axi_1/alinx_pcie_axi_1.gen/sources_1/bd/design_1/ip/design_1_xdma_0_0/ip_0/source/design_1_xdma_0_0_pcie2_ip-PCIE_X0Y0.xdc] for cell 'design_1_i/xdma_0/inst/design_1_xdma_0_0_pcie2_to_pcie3_wrapper_i/pcie2_ip_i/inst'
INFO: [Timing 38-2] Deriving generated clocks [/home/kokunev/data/git_root/alinx/alinx_streamer_1/alinx_pcie_axi_1/alinx_pcie_axi_1.gen/sources_1/bd/design_1/ip/design_1_xdma_0_0/ip_0/source/design_1_xdma_0_0_pcie2_ip-PCIE_X0Y0.xdc:135]
Finished Parsing XDC File [/home/kokunev/data/git_root/alinx/alinx_streamer_1/alinx_pcie_axi_1/alinx_pcie_axi_1.gen/sources_1/bd/design_1/ip/design_1_xdma_0_0/ip_0/source/design_1_xdma_0_0_pcie2_ip-PCIE_X0Y0.xdc] for cell 'design_1_i/xdma_0/inst/design_1_xdma_0_0_pcie2_to_pcie3_wrapper_i/pcie2_ip_i/inst'
INFO: [Project 1-236] Implementation specific constraints were found while reading constraint file [/home/kokunev/data/git_root/alinx/alinx_streamer_1/alinx_pcie_axi_1/alinx_pcie_axi_1.gen/sources_1/bd/design_1/ip/design_1_xdma_0_0/ip_0/source/design_1_xdma_0_0_pcie2_ip-PCIE_X0Y0.xdc]. These constraints will be ignored for synthesis but will be used in implementation. Impacted constraints are listed in the file [.Xil/design_1_wrapper_propImpl.xdc].
Resolution: To avoid this warning, move constraints listed in [.Xil/design_1_wrapper_propImpl.xdc] to another XDC file and exclude this new file from synthesis with the used_in_synthesis property (File Properties dialog in GUI) and re-run elaboration/synthesis.
Parsing XDC File [/home/kokunev/data/git_root/alinx/alinx_streamer_1/alinx_pcie_axi_1/alinx_pcie_axi_1.gen/sources_1/bd/design_1/ip/design_1_xdma_0_0/design_1_xdma_0_0_board.xdc] for cell 'design_1_i/xdma_0/inst'
Finished Parsing XDC File [/home/kokunev/data/git_root/alinx/alinx_streamer_1/alinx_pcie_axi_1/alinx_pcie_axi_1.gen/sources_1/bd/design_1/ip/design_1_xdma_0_0/design_1_xdma_0_0_board.xdc] for cell 'design_1_i/xdma_0/inst'
Parsing XDC File [/home/kokunev/data/git_root/alinx/alinx_streamer_1/alinx_pcie_axi_1/alinx_pcie_axi_1.gen/sources_1/bd/design_1/ip/design_1_xdma_0_0/source/design_1_xdma_0_0_pcie3_7vx_ip.xdc] for cell 'design_1_i/xdma_0/inst'
Finished Parsing XDC File [/home/kokunev/data/git_root/alinx/alinx_streamer_1/alinx_pcie_axi_1/alinx_pcie_axi_1.gen/sources_1/bd/design_1/ip/design_1_xdma_0_0/source/design_1_xdma_0_0_pcie3_7vx_ip.xdc] for cell 'design_1_i/xdma_0/inst'
INFO: [Project 1-236] Implementation specific constraints were found while reading constraint file [/home/kokunev/data/git_root/alinx/alinx_streamer_1/alinx_pcie_axi_1/alinx_pcie_axi_1.gen/sources_1/bd/design_1/ip/design_1_xdma_0_0/source/design_1_xdma_0_0_pcie3_7vx_ip.xdc]. These constraints will be ignored for synthesis but will be used in implementation. Impacted constraints are listed in the file [.Xil/design_1_wrapper_propImpl.xdc].
Resolution: To avoid this warning, move constraints listed in [.Xil/design_1_wrapper_propImpl.xdc] to another XDC file and exclude this new file from synthesis with the used_in_synthesis property (File Properties dialog in GUI) and re-run elaboration/synthesis.
Parsing XDC File [/home/kokunev/data/git_root/alinx/alinx_streamer_1/alinx_pcie_axi_1/alinx_pcie_axi_1.gen/sources_1/bd/design_1/ip/design_1_util_ds_buf_0/design_1_util_ds_buf_0_board.xdc] for cell 'design_1_i/util_ds_buf/U0'
Finished Parsing XDC File [/home/kokunev/data/git_root/alinx/alinx_streamer_1/alinx_pcie_axi_1/alinx_pcie_axi_1.gen/sources_1/bd/design_1/ip/design_1_util_ds_buf_0/design_1_util_ds_buf_0_board.xdc] for cell 'design_1_i/util_ds_buf/U0'
Parsing XDC File [/home/kokunev/data/git_root/alinx/alinx_streamer_1/alinx_pcie_axi_1/alinx_pcie_axi_1.gen/sources_1/bd/design_1/ip/design_1_system_ila_1_0/bd_0/ip/ip_0/ila_v6_2/constraints/ila.xdc] for cell 'design_1_i/system_ila_1/inst/ila_lib/inst'
Finished Parsing XDC File [/home/kokunev/data/git_root/alinx/alinx_streamer_1/alinx_pcie_axi_1/alinx_pcie_axi_1.gen/sources_1/bd/design_1/ip/design_1_system_ila_1_0/bd_0/ip/ip_0/ila_v6_2/constraints/ila.xdc] for cell 'design_1_i/system_ila_1/inst/ila_lib/inst'
INFO: [Project 1-236] Implementation specific constraints were found while reading constraint file [/home/kokunev/data/git_root/alinx/alinx_streamer_1/alinx_pcie_axi_1/alinx_pcie_axi_1.gen/sources_1/bd/design_1/ip/design_1_system_ila_1_0/bd_0/ip/ip_0/ila_v6_2/constraints/ila.xdc]. These constraints will be ignored for synthesis but will be used in implementation. Impacted constraints are listed in the file [.Xil/design_1_wrapper_propImpl.xdc].
Resolution: To avoid this warning, move constraints listed in [.Xil/design_1_wrapper_propImpl.xdc] to another XDC file and exclude this new file from synthesis with the used_in_synthesis property (File Properties dialog in GUI) and re-run elaboration/synthesis.
Parsing XDC File [/home/kokunev/data/git_root/alinx/alinx_streamer_1/alinx_pcie_axi_1/alinx_pcie_axi_1.srcs/constrs_1/new/alinx.xdc]
Finished Parsing XDC File [/home/kokunev/data/git_root/alinx/alinx_streamer_1/alinx_pcie_axi_1/alinx_pcie_axi_1.srcs/constrs_1/new/alinx.xdc]
INFO: [Project 1-236] Implementation specific constraints were found while reading constraint file [/home/kokunev/data/git_root/alinx/alinx_streamer_1/alinx_pcie_axi_1/alinx_pcie_axi_1.srcs/constrs_1/new/alinx.xdc]. These constraints will be ignored for synthesis but will be used in implementation. Impacted constraints are listed in the file [.Xil/design_1_wrapper_propImpl.xdc].
Resolution: To avoid this warning, move constraints listed in [.Xil/design_1_wrapper_propImpl.xdc] to another XDC file and exclude this new file from synthesis with the used_in_synthesis property (File Properties dialog in GUI) and re-run elaboration/synthesis.
Parsing XDC File [/home/kokunev/data/git_root/alinx/alinx_streamer_1/alinx_pcie_axi_1/alinx_pcie_axi_1.runs/synth_1/dont_touch.xdc]
Finished Parsing XDC File [/home/kokunev/data/git_root/alinx/alinx_streamer_1/alinx_pcie_axi_1/alinx_pcie_axi_1.runs/synth_1/dont_touch.xdc]
INFO: [Project 1-236] Implementation specific constraints were found while reading constraint file [/home/kokunev/data/git_root/alinx/alinx_streamer_1/alinx_pcie_axi_1/alinx_pcie_axi_1.runs/synth_1/dont_touch.xdc]. These constraints will be ignored for synthesis but will be used in implementation. Impacted constraints are listed in the file [.Xil/design_1_wrapper_propImpl.xdc].
Resolution: To avoid this warning, move constraints listed in [.Xil/design_1_wrapper_propImpl.xdc] to another XDC file and exclude this new file from synthesis with the used_in_synthesis property (File Properties dialog in GUI) and re-run elaboration/synthesis.
INFO: [Timing 38-2] Deriving generated clocks
Parsing XDC File [/home/kokunev/data/git_root/alinx/alinx_streamer_1/alinx_pcie_axi_1/alinx_pcie_axi_1.gen/sources_1/bd/design_1/ip/design_1_xdma_0_0/ip_0/source/ip_xilinx_pcie_2_1_7x_late.xdc] for cell 'design_1_i/xdma_0/inst/design_1_xdma_0_0_pcie2_to_pcie3_wrapper_i/pcie2_ip_i/inst'
Finished Parsing XDC File [/home/kokunev/data/git_root/alinx/alinx_streamer_1/alinx_pcie_axi_1/alinx_pcie_axi_1.gen/sources_1/bd/design_1/ip/design_1_xdma_0_0/ip_0/source/ip_xilinx_pcie_2_1_7x_late.xdc] for cell 'design_1_i/xdma_0/inst/design_1_xdma_0_0_pcie2_to_pcie3_wrapper_i/pcie2_ip_i/inst'
INFO: [Project 1-236] Implementation specific constraints were found while reading constraint file [/home/kokunev/data/git_root/alinx/alinx_streamer_1/alinx_pcie_axi_1/alinx_pcie_axi_1.gen/sources_1/bd/design_1/ip/design_1_xdma_0_0/ip_0/source/ip_xilinx_pcie_2_1_7x_late.xdc]. These constraints will be ignored for synthesis but will be used in implementation. Impacted constraints are listed in the file [.Xil/design_1_wrapper_propImpl.xdc].
Resolution: To avoid this warning, move constraints listed in [.Xil/design_1_wrapper_propImpl.xdc] to another XDC file and exclude this new file from synthesis with the used_in_synthesis property (File Properties dialog in GUI) and re-run elaboration/synthesis.
Parsing XDC File [/home/kokunev/data/git_root/alinx/alinx_streamer_1/alinx_pcie_axi_1/alinx_pcie_axi_1.gen/sources_1/bd/design_1/ip/design_1_axis_register_slice_0_0/design_1_axis_register_slice_0_0_clocks.xdc] for cell 'design_1_i/axis_register_slice_0/inst'
Finished Parsing XDC File [/home/kokunev/data/git_root/alinx/alinx_streamer_1/alinx_pcie_axi_1/alinx_pcie_axi_1.gen/sources_1/bd/design_1/ip/design_1_axis_register_slice_0_0/design_1_axis_register_slice_0_0_clocks.xdc] for cell 'design_1_i/axis_register_slice_0/inst'
INFO: [Project 1-236] Implementation specific constraints were found while reading constraint file [/opt/Xilinx_2/2025.2/data/ip/xpm/xpm_cdc/tcl/xpm_cdc_single.tcl]. These constraints will be ignored for synthesis but will be used in implementation. Impacted constraints are listed in the file [.Xil/design_1_wrapper_propImpl.xdc].
Resolution: To avoid this warning, move constraints listed in [.Xil/design_1_wrapper_propImpl.xdc] to another XDC file and exclude this new file from synthesis with the used_in_synthesis property (File Properties dialog in GUI) and re-run elaboration/synthesis.
INFO: [Project 1-236] Implementation specific constraints were found while reading constraint file [/opt/Xilinx_2/2025.2/data/ip/xpm/xpm_memory/tcl/xpm_memory_xdc.tcl]. These constraints will be ignored for synthesis but will be used in implementation. Impacted constraints are listed in the file [.Xil/design_1_wrapper_propImpl.xdc].
Resolution: To avoid this warning, move constraints listed in [.Xil/design_1_wrapper_propImpl.xdc] to another XDC file and exclude this new file from synthesis with the used_in_synthesis property (File Properties dialog in GUI) and re-run elaboration/synthesis.
INFO: [Project 1-1714] 23 XPM XDC files have been applied to the design.
Completed Processing XDC Constraints

Netlist sorting complete. Time (s): cpu = 00:00:00.02 ; elapsed = 00:00:00.01 . Memory (MB): peak = 3354.859 ; gain = 0.000 ; free physical = 37082 ; free virtual = 51767
INFO: [Project 1-111] Unisim Transformation Summary:
  A total of 847 instances were transformed.
  CFGLUT5 => CFGLUT5 (SRL16E, SRLC32E): 776 instances
  CFGLUT5 => SRLC32E: 61 instances
  FDR => FDRE: 2 instances
  MUXCY_L => MUXCY: 8 instances

Constraint Validation Runtime : Time (s): cpu = 00:00:00.28 ; elapsed = 00:00:00.28 . Memory (MB): peak = 3354.895 ; gain = 0.000 ; free physical = 37080 ; free virtual = 51765
---------------------------------------------------------------------------------
Finished Constraint Validation : Time (s): cpu = 00:00:52 ; elapsed = 00:01:03 . Memory (MB): peak = 3354.895 ; gain = 1527.262 ; free physical = 37104 ; free virtual = 51787
---------------------------------------------------------------------------------
---------------------------------------------------------------------------------
Start Loading Part and Timing Information
---------------------------------------------------------------------------------
Loading part: xc7a200tfbg484-2
---------------------------------------------------------------------------------
Finished Loading Part and Timing Information : Time (s): cpu = 00:00:52 ; elapsed = 00:01:03 . Memory (MB): peak = 3362.863 ; gain = 1535.230 ; free physical = 37103 ; free virtual = 51786
---------------------------------------------------------------------------------
---------------------------------------------------------------------------------
Start Applying 'set_property' XDC Constraints
---------------------------------------------------------------------------------
---------------------------------------------------------------------------------
Finished applying 'set_property' XDC Constraints : Time (s): cpu = 00:00:52 ; elapsed = 00:01:04 . Memory (MB): peak = 3362.863 ; gain = 1535.230 ; free physical = 37103 ; free virtual = 51787
---------------------------------------------------------------------------------
---------------------------------------------------------------------------------
Start Preparing Guide Design
---------------------------------------------------------------------------------
---------------------------------------------------------------------------------
Finished Doing Graph Differ : Time (s): cpu = 00:00:57 ; elapsed = 00:01:08 . Memory (MB): peak = 3362.863 ; gain = 1535.230 ; free physical = 37108 ; free virtual = 51802
---------------------------------------------------------------------------------
design_1_xdma_0_0_core_top__GC0xdma_v4_2_2_udma_wrapper__GC0xdma_v4_2_2_udma_top__GCB2xdma_v4_2_2_udma_top__GCB1xdma_v4_2_2_udma_top__GCB0xdma_v4_2_2_vul_top__GB1xdma_v4_2_2_vul_top__GB0---------------------------------------------------------------------------------
Finished Preparing Guide Design : Time (s): cpu = 00:00:59 ; elapsed = 00:01:10 . Memory (MB): peak = 3362.863 ; gain = 1535.230 ; free physical = 37100 ; free virtual = 51793
---------------------------------------------------------------------------------
INFO: [Synth 8-802] inferred FSM for state register 'state_reg' in module 'stream_ctrl_regs'
INFO: [Synth 8-802] inferred FSM for state register 'state_reg' in module 'c2h_mem_source'
---------------------------------------------------------------------------------------------------
                   State |                     New Encoding |                Previous Encoding 
---------------------------------------------------------------------------------------------------
            ST_READ_CTRL |                     000000000001 |                             0000
            ST_WAIT_CTRL |                     000000000010 |                             0001
             ST_READ_LEN |                     000000000100 |                             0010
             ST_WAIT_LEN |                     000000001000 |                             0011
             ST_READ_SEQ |                     000000010000 |                             0100
             ST_WAIT_SEQ |                     000000100000 |                             0101
             ST_READ_REP |                     000001000000 |                             0110
             ST_CALC_LEN |                     000010000000 |                             0111
             ST_WAIT_REP |                     000100000000 |                             1000
          ST_CLEAR_START |                     001000000000 |                             1001
           ST_WRITE_STAT |                     010000000000 |                             1010
          ST_WRITE_BEATS |                     100000000000 |                             1011
---------------------------------------------------------------------------------------------------
INFO: [Synth 8-3354] encoded FSM with state register 'state_reg' using encoding 'one-hot' in module 'stream_ctrl_regs'
---------------------------------------------------------------------------------------------------
                   State |                     New Encoding |                Previous Encoding 
---------------------------------------------------------------------------------------------------
                 ST_IDLE |                              001 |                               00
                 ST_LOAD |                              010 |                               01
                  ST_RUN |                              100 |                               10
---------------------------------------------------------------------------------------------------
INFO: [Synth 8-3354] encoded FSM with state register 'state_reg' using encoding 'one-hot' in module 'c2h_mem_source'
---------------------------------------------------------------------------------
Finished RTL Optimization Phase 2 : Time (s): cpu = 00:01:00 ; elapsed = 00:01:12 . Memory (MB): peak = 3362.863 ; gain = 1535.230 ; free physical = 37149 ; free virtual = 51843
---------------------------------------------------------------------------------
---------------------------------------------------------------------------------
Start Mimic Skeleton from Reference
---------------------------------------------------------------------------------
---------------------------------------------------------------------------------
Finished Mimic Skeleton from Reference : Time (s): cpu = 00:01:02 ; elapsed = 00:01:14 . Memory (MB): peak = 3362.863 ; gain = 1535.230 ; free physical = 37111 ; free virtual = 51804
---------------------------------------------------------------------------------


Incremental Synthesis Report Summary:

1. Incremental synthesis run: yes

   Stitch points used : changed


2. Change Summary

Report Incremental Modules: 
+------+----------------+------------+----------+----------+
|      |Changed Modules |Replication |Instances |Changed % |
+------+----------------+------------+----------+----------+
|1     |c2h_streamer    |           1|      1881|    1.1330|
+------+----------------+------------+----------+----------+


   Full Design Size (number of cells) : 166017
   Resynthesis Design Size (number of cells) : 33600
   Resynth % : 20.2389,  Reuse % : 79.7611

3. Reference Checkpoint Information

+---------------------------------------------------------------------------------------------------------------------------------------------------------+
| DCP Location:  | /home/kokunev/data/git_root/alinx/alinx_streamer_1/alinx_pcie_axi_1/alinx_pcie_axi_1.srcs/utils_1/imports/synth_1/design_1_wrapper.dcp |
+---------------------------------------------------------------------------------------------------------------------------------------------------------+


+--------------------------------+------------------------------+
|         DCP Information        |             Value            |
+--------------------------------+------------------------------+
| Vivado Version                 |                    v2025.2 |
| DCP State                      |                              |
+--------------------------------+------------------------------+



Report RTL Partitions: 
+------+----------------------------------------+------------+----------+
|      |RTL Partition                           |Replication |Instances |
+------+----------------------------------------+------------+----------+
|1     |design_1__GC0                           |           1|     33597|
|2     |xdma_v4_2_2_vul_top__GB0_#REUSE#        |           1|         0|
|3     |xdma_v4_2_2_vul_top__GB1_#REUSE#        |           1|         0|
|4     |xdma_v4_2_2_udma_top__GCB0_#REUSE#      |           1|         0|
|5     |xdma_v4_2_2_udma_top__GCB1_#REUSE#      |           1|         0|
|6     |xdma_v4_2_2_udma_top__GCB2_#REUSE#      |           1|         0|
|7     |xdma_v4_2_2_udma_wrapper__GC0_#REUSE#   |           1|         0|
|8     |design_1_xdma_0_0_core_top__GC0_#REUSE# |           1|         0|
+------+----------------------------------------+------------+----------+
---------------------------------------------------------------------------------
Start RTL Component Statistics 
---------------------------------------------------------------------------------
---------------------------------------------------------------------------------
Finished RTL Component Statistics 
---------------------------------------------------------------------------------
---------------------------------------------------------------------------------
Start Part Resource Summary
---------------------------------------------------------------------------------
Part Resources:
DSPs: 740 (col length:100)
BRAMs: 730 (col length: RAMB18 100 RAMB36 50)
---------------------------------------------------------------------------------
Finished Part Resource Summary
---------------------------------------------------------------------------------
---------------------------------------------------------------------------------
Start Cross Boundary and Area Optimization
---------------------------------------------------------------------------------
INFO: [Synth 8-12192] Not enough pipeline registers after wide multiplier. Pipeline registers present is 1. Recommended levels of pipeline registers is 4. [/home/kokunev/data/git_root/alinx/alinx_streamer_1/alinx_pcie_axi_1/alinx_pcie_axi_1.srcs/sources_1/rtl/stream_ctrl_regs.v:130]
DSP Report: Generating DSP inst/u_ctrl/pending_mult_by_bram_doutb0, operation Mode is: A*B.
DSP Report: operator inst/u_ctrl/pending_mult_by_bram_doutb0 is absorbed into DSP inst/u_ctrl/pending_mult_by_bram_doutb0.
DSP Report: operator inst/u_ctrl/pending_mult_by_bram_doutb0 is absorbed into DSP inst/u_ctrl/pending_mult_by_bram_doutb0.
DSP Report: Generating DSP inst/u_ctrl/pending_mult_by_bram_doutb_reg, operation Mode is: (PCIN>>17)+A*B.
DSP Report: register inst/u_ctrl/pending_mult_by_bram_doutb_reg is absorbed into DSP inst/u_ctrl/pending_mult_by_bram_doutb_reg.
DSP Report: operator inst/u_ctrl/pending_mult_by_bram_doutb0 is absorbed into DSP inst/u_ctrl/pending_mult_by_bram_doutb_reg.
DSP Report: operator inst/u_ctrl/pending_mult_by_bram_doutb0 is absorbed into DSP inst/u_ctrl/pending_mult_by_bram_doutb_reg.
DSP Report: Generating DSP inst/u_ctrl/pending_mult_by_bram_doutb0, operation Mode is: A*B.
DSP Report: operator inst/u_ctrl/pending_mult_by_bram_doutb0 is absorbed into DSP inst/u_ctrl/pending_mult_by_bram_doutb0.
DSP Report: operator inst/u_ctrl/pending_mult_by_bram_doutb0 is absorbed into DSP inst/u_ctrl/pending_mult_by_bram_doutb0.
DSP Report: Generating DSP inst/u_ctrl/pending_mult_by_bram_doutb_reg, operation Mode is: (PCIN>>17)+A*B.
DSP Report: register inst/u_ctrl/pending_mult_by_bram_doutb_reg is absorbed into DSP inst/u_ctrl/pending_mult_by_bram_doutb_reg.
DSP Report: operator inst/u_ctrl/pending_mult_by_bram_doutb0 is absorbed into DSP inst/u_ctrl/pending_mult_by_bram_doutb_reg.
DSP Report: operator inst/u_ctrl/pending_mult_by_bram_doutb0 is absorbed into DSP inst/u_ctrl/pending_mult_by_bram_doutb_reg.
INFO: [Synth 8-5544] ROM "ADV_TRIG.u_adv_trig/sequencer_state" won't be mapped to Block RAM because address size (4) smaller than threshold (5)
INFO: [Common 17-14] Message 'Synth 8-7129' appears 100 times and further instances of the messages will be disabled. Use the Tcl command set_msg_config to change the current settings.
INFO: [Synth 8-3886] merging instance 'axi_interconnect_0/xbar/inst/gen_samd.crossbar_samd/addr_arbiter_ar/gen_no_arbiter.m_mesg_i_reg[0]' (FDRE) to 'axi_interconnect_0/xbar/inst/gen_samd.crossbar_samd/addr_arbiter_ar/gen_no_arbiter.m_mesg_i_reg[54]'
INFO: [Synth 8-3886] merging instance 'axi_interconnect_0/xbar/inst/gen_samd.crossbar_samd/addr_arbiter_ar/gen_no_arbiter.m_mesg_i_reg[54]' (FDRE) to 'axi_interconnect_0/xbar/inst/gen_samd.crossbar_samd/addr_arbiter_ar/gen_no_arbiter.m_mesg_i_reg[33]'
INFO: [Synth 8-3886] merging instance 'axi_interconnect_0/xbar/inst/gen_samd.crossbar_samd/addr_arbiter_ar/gen_no_arbiter.m_mesg_i_reg[45]' (FDRE) to 'axi_interconnect_0/xbar/inst/gen_samd.crossbar_samd/addr_arbiter_ar/gen_no_arbiter.m_mesg_i_reg[33]'
INFO: [Synth 8-3886] merging instance 'axi_interconnect_0/xbar/inst/gen_samd.crossbar_samd/addr_arbiter_ar/gen_no_arbiter.m_mesg_i_reg[63]' (FDRE) to 'axi_interconnect_0/xbar/inst/gen_samd.crossbar_samd/addr_arbiter_ar/gen_no_arbiter.m_mesg_i_reg[33]'
INFO: [Synth 8-3886] merging instance 'axi_interconnect_0/xbar/inst/gen_samd.crossbar_samd/addr_arbiter_aw/gen_no_arbiter.m_mesg_i_reg[0]' (FDRE) to 'axi_interconnect_0/xbar/inst/gen_samd.crossbar_samd/addr_arbiter_aw/gen_no_arbiter.m_mesg_i_reg[54]'
INFO: [Synth 8-3886] merging instance 'axi_interconnect_0/xbar/inst/gen_samd.crossbar_samd/addr_arbiter_aw/gen_no_arbiter.m_mesg_i_reg[54]' (FDRE) to 'axi_interconnect_0/xbar/inst/gen_samd.crossbar_samd/addr_arbiter_aw/gen_no_arbiter.m_mesg_i_reg[33]'
INFO: [Synth 8-3886] merging instance 'axi_interconnect_0/xbar/inst/gen_samd.crossbar_samd/addr_arbiter_aw/gen_no_arbiter.m_mesg_i_reg[45]' (FDRE) to 'axi_interconnect_0/xbar/inst/gen_samd.crossbar_samd/addr_arbiter_aw/gen_no_arbiter.m_mesg_i_reg[33]'
INFO: [Synth 8-3886] merging instance 'axi_interconnect_0/xbar/inst/gen_samd.crossbar_samd/addr_arbiter_aw/gen_no_arbiter.m_mesg_i_reg[63]' (FDRE) to 'axi_interconnect_0/xbar/inst/gen_samd.crossbar_samd/addr_arbiter_aw/gen_no_arbiter.m_mesg_i_reg[33]'
INFO: [Synth 8-3886] merging instance 'axi_interconnect_0/xbar/inst/gen_samd.crossbar_samd/addr_arbiter_aw/gen_no_arbiter.m_mesg_i_reg[35]' (FDRE) to 'axi_interconnect_0/xbar/inst/gen_samd.crossbar_samd/addr_arbiter_aw/gen_no_arbiter.m_mesg_i_reg[33]'
INFO: [Synth 8-3886] merging instance 'axi_interconnect_0/xbar/inst/gen_samd.crossbar_samd/addr_arbiter_aw/gen_no_arbiter.m_mesg_i_reg[36]' (FDRE) to 'axi_interconnect_0/xbar/inst/gen_samd.crossbar_samd/addr_arbiter_aw/gen_no_arbiter.m_mesg_i_reg[33]'
INFO: [Synth 8-3886] merging instance 'axi_interconnect_0/xbar/inst/gen_samd.crossbar_samd/addr_arbiter_aw/gen_no_arbiter.m_mesg_i_reg[34]' (FDRE) to 'axi_interconnect_0/xbar/inst/gen_samd.crossbar_samd/addr_arbiter_aw/gen_no_arbiter.m_mesg_i_reg[33]'
INFO: [Synth 8-3333] propagating constant 0 across sequential element (axi_interconnect_0/xbar/\inst/gen_samd.crossbar_samd/addr_arbiter_aw/gen_no_arbiter.m_mesg_i_reg[33] )
INFO: [Synth 8-3886] merging instance 'blk_mem_gen_2/U0/inst_blk_mem_gen/gnbram.gnative_mem_map_bmg.native_mem_map_blk_mem_gen/valid.cstr/ramloop[0].ram.r/SAFETY_CKT_GEN.RSTB_SHFT_REG_reg[0]' (FDS) to 'blk_mem_gen_2/U0/inst_blk_mem_gen/gnbram.gnative_mem_map_bmg.native_mem_map_blk_mem_gen/valid.cstr/ramloop[1].ram.r/SAFETY_CKT_GEN.RSTB_SHFT_REG_reg[0]'
INFO: [Synth 8-3886] merging instance 'blk_mem_gen_2/U0/inst_blk_mem_gen/gnbram.gnative_mem_map_bmg.native_mem_map_blk_mem_gen/valid.cstr/ramloop[0].ram.r/SAFETY_CKT_GEN.RSTB_SHFT_REG_reg[1]' (FD) to 'blk_mem_gen_2/U0/inst_blk_mem_gen/gnbram.gnative_mem_map_bmg.native_mem_map_blk_mem_gen/valid.cstr/ramloop[1].ram.r/SAFETY_CKT_GEN.RSTB_SHFT_REG_reg[1]'
INFO: [Synth 8-3886] merging instance 'blk_mem_gen_2/U0/inst_blk_mem_gen/gnbram.gnative_mem_map_bmg.native_mem_map_blk_mem_gen/valid.cstr/ramloop[0].ram.r/SAFETY_CKT_GEN.RSTB_SHFT_REG_reg[2]' (FD) to 'blk_mem_gen_2/U0/inst_blk_mem_gen/gnbram.gnative_mem_map_bmg.native_mem_map_blk_mem_gen/valid.cstr/ramloop[1].ram.r/SAFETY_CKT_GEN.RSTB_SHFT_REG_reg[2]'
INFO: [Synth 8-3886] merging instance 'blk_mem_gen_2/U0/inst_blk_mem_gen/gnbram.gnative_mem_map_bmg.native_mem_map_blk_mem_gen/valid.cstr/ramloop[0].ram.r/SAFETY_CKT_GEN.RSTB_SHFT_REG_reg[3]' (FD) to 'blk_mem_gen_2/U0/inst_blk_mem_gen/gnbram.gnative_mem_map_bmg.native_mem_map_blk_mem_gen/valid.cstr/ramloop[1].ram.r/SAFETY_CKT_GEN.RSTB_SHFT_REG_reg[3]'
INFO: [Synth 8-3886] merging instance 'blk_mem_gen_2/U0/inst_blk_mem_gen/gnbram.gnative_mem_map_bmg.native_mem_map_blk_mem_gen/valid.cstr/ramloop[0].ram.r/SAFETY_CKT_GEN.RSTB_SHFT_REG_reg[4]' (FD) to 'blk_mem_gen_2/U0/inst_blk_mem_gen/gnbram.gnative_mem_map_bmg.native_mem_map_blk_mem_gen/valid.cstr/ramloop[1].ram.r/SAFETY_CKT_GEN.RSTB_SHFT_REG_reg[4]'
INFO: [Synth 8-3886] merging instance 'blk_mem_gen_2/U0/inst_blk_mem_gen/gnbram.gnative_mem_map_bmg.native_mem_map_blk_mem_gen/valid.cstr/ramloop[0].ram.r/SAFETY_CKT_GEN.RSTA_SHFT_REG_reg[0]' (FDS) to 'blk_mem_gen_2/U0/inst_blk_mem_gen/gnbram.gnative_mem_map_bmg.native_mem_map_blk_mem_gen/valid.cstr/ramloop[1].ram.r/SAFETY_CKT_GEN.RSTA_SHFT_REG_reg[0]'
INFO: [Synth 8-3886] merging instance 'blk_mem_gen_2/U0/inst_blk_mem_gen/gnbram.gnative_mem_map_bmg.native_mem_map_blk_mem_gen/valid.cstr/ramloop[0].ram.r/SAFETY_CKT_GEN.RSTA_SHFT_REG_reg[1]' (FD) to 'blk_mem_gen_2/U0/inst_blk_mem_gen/gnbram.gnative_mem_map_bmg.native_mem_map_blk_mem_gen/valid.cstr/ramloop[1].ram.r/SAFETY_CKT_GEN.RSTA_SHFT_REG_reg[1]'
INFO: [Synth 8-3886] merging instance 'blk_mem_gen_2/U0/inst_blk_mem_gen/gnbram.gnative_mem_map_bmg.native_mem_map_blk_mem_gen/valid.cstr/ramloop[0].ram.r/SAFETY_CKT_GEN.RSTA_SHFT_REG_reg[2]' (FD) to 'blk_mem_gen_2/U0/inst_blk_mem_gen/gnbram.gnative_mem_map_bmg.native_mem_map_blk_mem_gen/valid.cstr/ramloop[1].ram.r/SAFETY_CKT_GEN.RSTA_SHFT_REG_reg[2]'
INFO: [Synth 8-3886] merging instance 'blk_mem_gen_2/U0/inst_blk_mem_gen/gnbram.gnative_mem_map_bmg.native_mem_map_blk_mem_gen/valid.cstr/ramloop[0].ram.r/SAFETY_CKT_GEN.RSTA_SHFT_REG_reg[3]' (FD) to 'blk_mem_gen_2/U0/inst_blk_mem_gen/gnbram.gnative_mem_map_bmg.native_mem_map_blk_mem_gen/valid.cstr/ramloop[1].ram.r/SAFETY_CKT_GEN.RSTA_SHFT_REG_reg[3]'
INFO: [Synth 8-3886] merging instance 'blk_mem_gen_2/U0/inst_blk_mem_gen/gnbram.gnative_mem_map_bmg.native_mem_map_blk_mem_gen/valid.cstr/ramloop[0].ram.r/SAFETY_CKT_GEN.RSTA_SHFT_REG_reg[4]' (FD) to 'blk_mem_gen_2/U0/inst_blk_mem_gen/gnbram.gnative_mem_map_bmg.native_mem_map_blk_mem_gen/valid.cstr/ramloop[1].ram.r/SAFETY_CKT_GEN.RSTA_SHFT_REG_reg[4]'
INFO: [Synth 8-3886] merging instance 'c2h_streamer_0/inst/u_ctrl/bram_web_reg[0]' (FDR) to 'c2h_streamer_0/inst/u_ctrl/bram_web_reg[1]'
INFO: [Synth 8-3886] merging instance 'c2h_streamer_0/inst/u_ctrl/bram_web_reg[1]' (FDR) to 'c2h_streamer_0/inst/u_ctrl/bram_web_reg[2]'
INFO: [Synth 8-3886] merging instance 'c2h_streamer_0/inst/u_ctrl/bram_web_reg[2]' (FDR) to 'c2h_streamer_0/inst/u_ctrl/bram_web_reg[3]'
INFO: [Synth 8-3886] merging instance 'c2h_streamer_0/inst/u_ctrl/bram_addrb_reg[31]' (FDRE) to 'c2h_streamer_0/inst/u_ctrl/bram_addrb_reg[5]'
INFO: [Synth 8-3886] merging instance 'c2h_streamer_0/inst/u_ctrl/bram_addrb_reg[30]' (FDRE) to 'c2h_streamer_0/inst/u_ctrl/bram_addrb_reg[5]'
INFO: [Synth 8-3886] merging instance 'c2h_streamer_0/inst/u_ctrl/bram_addrb_reg[29]' (FDRE) to 'c2h_streamer_0/inst/u_ctrl/bram_addrb_reg[5]'
INFO: [Synth 8-3886] merging instance 'c2h_streamer_0/inst/u_ctrl/bram_addrb_reg[28]' (FDRE) to 'c2h_streamer_0/inst/u_ctrl/bram_addrb_reg[5]'
INFO: [Synth 8-3886] merging instance 'c2h_streamer_0/inst/u_ctrl/bram_addrb_reg[27]' (FDRE) to 'c2h_streamer_0/inst/u_ctrl/bram_addrb_reg[5]'
INFO: [Synth 8-3886] merging instance 'c2h_streamer_0/inst/u_ctrl/bram_addrb_reg[26]' (FDRE) to 'c2h_streamer_0/inst/u_ctrl/bram_addrb_reg[5]'
INFO: [Synth 8-3886] merging instance 'c2h_streamer_0/inst/u_ctrl/bram_addrb_reg[25]' (FDRE) to 'c2h_streamer_0/inst/u_ctrl/bram_addrb_reg[5]'
INFO: [Synth 8-3886] merging instance 'c2h_streamer_0/inst/u_ctrl/bram_addrb_reg[24]' (FDRE) to 'c2h_streamer_0/inst/u_ctrl/bram_addrb_reg[5]'
INFO: [Synth 8-3886] merging instance 'c2h_streamer_0/inst/u_ctrl/bram_addrb_reg[23]' (FDRE) to 'c2h_streamer_0/inst/u_ctrl/bram_addrb_reg[5]'
INFO: [Synth 8-3886] merging instance 'c2h_streamer_0/inst/u_ctrl/bram_addrb_reg[22]' (FDRE) to 'c2h_streamer_0/inst/u_ctrl/bram_addrb_reg[5]'
INFO: [Synth 8-3886] merging instance 'c2h_streamer_0/inst/u_ctrl/bram_addrb_reg[21]' (FDRE) to 'c2h_streamer_0/inst/u_ctrl/bram_addrb_reg[5]'
INFO: [Synth 8-3886] merging instance 'c2h_streamer_0/inst/u_ctrl/bram_addrb_reg[20]' (FDRE) to 'c2h_streamer_0/inst/u_ctrl/bram_addrb_reg[5]'
INFO: [Synth 8-3886] merging instance 'c2h_streamer_0/inst/u_ctrl/bram_addrb_reg[19]' (FDRE) to 'c2h_streamer_0/inst/u_ctrl/bram_addrb_reg[5]'
INFO: [Synth 8-3886] merging instance 'c2h_streamer_0/inst/u_ctrl/bram_addrb_reg[18]' (FDRE) to 'c2h_streamer_0/inst/u_ctrl/bram_addrb_reg[5]'
INFO: [Synth 8-3886] merging instance 'c2h_streamer_0/inst/u_ctrl/bram_addrb_reg[17]' (FDRE) to 'c2h_streamer_0/inst/u_ctrl/bram_addrb_reg[5]'
INFO: [Synth 8-3886] merging instance 'c2h_streamer_0/inst/u_ctrl/bram_addrb_reg[16]' (FDRE) to 'c2h_streamer_0/inst/u_ctrl/bram_addrb_reg[5]'
INFO: [Synth 8-3886] merging instance 'c2h_streamer_0/inst/u_ctrl/bram_addrb_reg[15]' (FDRE) to 'c2h_streamer_0/inst/u_ctrl/bram_addrb_reg[5]'
INFO: [Synth 8-3886] merging instance 'c2h_streamer_0/inst/u_ctrl/bram_addrb_reg[14]' (FDRE) to 'c2h_streamer_0/inst/u_ctrl/bram_addrb_reg[5]'
INFO: [Synth 8-3886] merging instance 'c2h_streamer_0/inst/u_ctrl/bram_addrb_reg[13]' (FDRE) to 'c2h_streamer_0/inst/u_ctrl/bram_addrb_reg[5]'
INFO: [Synth 8-3886] merging instance 'c2h_streamer_0/inst/u_ctrl/bram_addrb_reg[12]' (FDRE) to 'c2h_streamer_0/inst/u_ctrl/bram_addrb_reg[5]'
INFO: [Synth 8-3886] merging instance 'c2h_streamer_0/inst/u_ctrl/bram_addrb_reg[5]' (FDRE) to 'c2h_streamer_0/inst/u_ctrl/bram_addrb_reg[11]'
INFO: [Synth 8-3886] merging instance 'c2h_streamer_0/inst/u_ctrl/bram_addrb_reg[1]' (FDRE) to 'c2h_streamer_0/inst/u_ctrl/bram_addrb_reg[11]'
INFO: [Synth 8-3886] merging instance 'c2h_streamer_0/inst/u_ctrl/bram_addrb_reg[0]' (FDRE) to 'c2h_streamer_0/inst/u_ctrl/bram_addrb_reg[11]'
INFO: [Synth 8-3886] merging instance 'c2h_streamer_0/inst/u_ctrl/bram_addrb_reg[6]' (FDRE) to 'c2h_streamer_0/inst/u_ctrl/bram_addrb_reg[11]'
INFO: [Synth 8-3886] merging instance 'c2h_streamer_0/inst/u_ctrl/bram_addrb_reg[7]' (FDRE) to 'c2h_streamer_0/inst/u_ctrl/bram_addrb_reg[11]'
INFO: [Synth 8-3886] merging instance 'c2h_streamer_0/inst/u_ctrl/bram_addrb_reg[8]' (FDRE) to 'c2h_streamer_0/inst/u_ctrl/bram_addrb_reg[11]'
INFO: [Synth 8-3886] merging instance 'c2h_streamer_0/inst/u_ctrl/bram_addrb_reg[9]' (FDRE) to 'c2h_streamer_0/inst/u_ctrl/bram_addrb_reg[11]'
INFO: [Synth 8-3886] merging instance 'c2h_streamer_0/inst/u_ctrl/bram_addrb_reg[10]' (FDRE) to 'c2h_streamer_0/inst/u_ctrl/bram_addrb_reg[11]'
INFO: [Synth 8-3333] propagating constant 0 across sequential element (c2h_streamer_0/\inst/u_ctrl/bram_addrb_reg[11] )
INFO: [Synth 8-3886] merging instance 'axi_interconnect_0/xbar/inst/gen_samd.crossbar_samd/addr_arbiter_ar/gen_no_arbiter.m_mesg_i_reg[39]' (FDRE) to 'axi_interconnect_0/xbar/inst/gen_samd.crossbar_samd/addr_arbiter_ar/gen_no_arbiter.m_mesg_i_reg[33]'
INFO: [Synth 8-3886] merging instance 'axi_interconnect_0/xbar/inst/gen_samd.crossbar_samd/addr_arbiter_ar/gen_no_arbiter.m_mesg_i_reg[40]' (FDRE) to 'axi_interconnect_0/xbar/inst/gen_samd.crossbar_samd/addr_arbiter_ar/gen_no_arbiter.m_mesg_i_reg[33]'
INFO: [Synth 8-3886] merging instance 'axi_interconnect_0/xbar/inst/gen_samd.crossbar_samd/addr_arbiter_ar/gen_no_arbiter.m_mesg_i_reg[38]' (FDRE) to 'axi_interconnect_0/xbar/inst/gen_samd.crossbar_samd/addr_arbiter_ar/gen_no_arbiter.m_mesg_i_reg[33]'
INFO: [Synth 8-3886] merging instance 'axi_interconnect_0/xbar/inst/gen_samd.crossbar_samd/addr_arbiter_ar/gen_no_arbiter.m_mesg_i_reg[37]' (FDRE) to 'axi_interconnect_0/xbar/inst/gen_samd.crossbar_samd/addr_arbiter_ar/gen_no_arbiter.m_mesg_i_reg[33]'
INFO: [Synth 8-3886] merging instance 'axi_interconnect_0/xbar/inst/gen_samd.crossbar_samd/addr_arbiter_ar/gen_no_arbiter.m_mesg_i_reg[36]' (FDRE) to 'axi_interconnect_0/xbar/inst/gen_samd.crossbar_samd/addr_arbiter_ar/gen_no_arbiter.m_mesg_i_reg[33]'
INFO: [Synth 8-3886] merging instance 'axi_interconnect_0/xbar/inst/gen_samd.crossbar_samd/addr_arbiter_ar/gen_no_arbiter.m_mesg_i_reg[35]' (FDRE) to 'axi_interconnect_0/xbar/inst/gen_samd.crossbar_samd/addr_arbiter_ar/gen_no_arbiter.m_mesg_i_reg[33]'
INFO: [Synth 8-3886] merging instance 'axi_interconnect_0/xbar/inst/gen_samd.crossbar_samd/addr_arbiter_ar/gen_no_arbiter.m_mesg_i_reg[34]' (FDRE) to 'axi_interconnect_0/xbar/inst/gen_samd.crossbar_samd/addr_arbiter_ar/gen_no_arbiter.m_mesg_i_reg[33]'
INFO: [Synth 8-3333] propagating constant 0 across sequential element (axi_interconnect_0/xbar/\inst/gen_samd.crossbar_samd/addr_arbiter_ar/gen_no_arbiter.m_mesg_i_reg[33] )
INFO: [Synth 8-3333] propagating constant 0 across sequential element (axi_bram_ctrl_1/\U0/gext_inst.abcv4_0_ext_inst/GEN_AXI4.I_FULL_AXI/I_RD_CHNL/GEN_NO_RD_CMD_OPT.axi_b2b_brst_reg )
INFO: [Synth 8-3886] merging instance 'axi_interconnect_0/xbar/inst/gen_samd.crossbar_samd/gen_master_slots[0].reg_slice_mi/r.r_pipe/aresetn_d_reg[0]' (FDR) to 'axi_interconnect_0/xbar/inst/gen_samd.crossbar_samd/gen_master_slots[2].reg_slice_mi/r.r_pipe/aresetn_d_reg[0]'
INFO: [Synth 8-3886] merging instance 'axi_interconnect_0/xbar/inst/gen_samd.crossbar_samd/gen_master_slots[0].reg_slice_mi/r.r_pipe/aresetn_d_reg[1]' (FDR) to 'axi_interconnect_0/xbar/inst/gen_samd.crossbar_samd/gen_master_slots[2].reg_slice_mi/r.r_pipe/aresetn_d_reg[1]'
INFO: [Synth 8-3886] merging instance 'axi_interconnect_0/xbar/inst/gen_samd.crossbar_samd/gen_master_slots[2].reg_slice_mi/r.r_pipe/aresetn_d_reg[0]' (FDR) to 'axi_interconnect_0/xbar/inst/gen_samd.crossbar_samd/gen_master_slots[1].reg_slice_mi/r.r_pipe/aresetn_d_reg[0]'
INFO: [Synth 8-3886] merging instance 'axi_interconnect_0/xbar/inst/gen_samd.crossbar_samd/gen_master_slots[2].reg_slice_mi/r.r_pipe/aresetn_d_reg[1]' (FDR) to 'axi_interconnect_0/xbar/inst/gen_samd.crossbar_samd/gen_master_slots[1].reg_slice_mi/r.r_pipe/aresetn_d_reg[1]'
INFO: [Synth 8-3333] propagating constant 0 across sequential element (axi_bram_ctrl_2/\U0/gext_inst.abcv4_0_ext_inst/GEN_AXI4.I_FULL_AXI/I_RD_CHNL/GEN_NO_RD_CMD_OPT.axi_b2b_brst_reg )
INFO: [Synth 8-3886] merging instance 'axi_interconnect_0/xbar/inst/gen_samd.crossbar_samd/gen_master_slots[1].reg_slice_mi/r.r_pipe/aresetn_d_reg[0]' (FDR) to 'axi_interconnect_0/xbar/inst/gen_samd.crossbar_samd/gen_master_slots[2].reg_slice_mi/b.b_pipe/aresetn_d_reg[0]'
INFO: [Synth 8-3886] merging instance 'axi_interconnect_0/xbar/inst/gen_samd.crossbar_samd/gen_master_slots[1].reg_slice_mi/r.r_pipe/aresetn_d_reg[1]' (FDR) to 'axi_interconnect_0/xbar/inst/gen_samd.crossbar_samd/gen_master_slots[2].reg_slice_mi/b.b_pipe/aresetn_d_reg[1]'
INFO: [Synth 8-3886] merging instance 'axi_interconnect_0/xbar/inst/gen_samd.crossbar_samd/gen_master_slots[0].reg_slice_mi/b.b_pipe/aresetn_d_reg[0]' (FDR) to 'axi_interconnect_0/xbar/inst/gen_samd.crossbar_samd/gen_master_slots[2].reg_slice_mi/b.b_pipe/aresetn_d_reg[0]'
INFO: [Synth 8-3886] merging instance 'axi_interconnect_0/xbar/inst/gen_samd.crossbar_samd/gen_master_slots[0].reg_slice_mi/b.b_pipe/aresetn_d_reg[1]' (FDR) to 'axi_interconnect_0/xbar/inst/gen_samd.crossbar_samd/gen_master_slots[2].reg_slice_mi/b.b_pipe/aresetn_d_reg[1]'
INFO: [Synth 8-3886] merging instance 'axi_interconnect_0/xbar/inst/gen_samd.crossbar_samd/gen_master_slots[1].reg_slice_mi/b.b_pipe/aresetn_d_reg[0]' (FDR) to 'axi_interconnect_0/xbar/inst/gen_samd.crossbar_samd/gen_master_slots[2].reg_slice_mi/b.b_pipe/aresetn_d_reg[0]'
INFO: [Synth 8-3886] merging instance 'axi_interconnect_0/xbar/inst/gen_samd.crossbar_samd/gen_master_slots[1].reg_slice_mi/b.b_pipe/aresetn_d_reg[1]' (FDR) to 'axi_interconnect_0/xbar/inst/gen_samd.crossbar_samd/gen_master_slots[2].reg_slice_mi/b.b_pipe/aresetn_d_reg[1]'
INFO: [Synth 8-3333] propagating constant 0 across sequential element (axi_bram_ctrl_1/\U0/gext_inst.abcv4_0_ext_inst/GEN_AXI4.I_FULL_AXI/I_WR_CHNL/axi_wr_burst_reg )
INFO: [Synth 8-3333] propagating constant 0 across sequential element (axi_bram_ctrl_2/\U0/gext_inst.abcv4_0_ext_inst/GEN_AXI4.I_FULL_AXI/I_WR_CHNL/axi_wr_burst_reg )
INFO: [Synth 8-3886] merging instance 'c2h_streamer_0/inst/u_source/m_axis_tkeep_reg[0]' (FDSE) to 'c2h_streamer_0/inst/u_source/m_axis_tkeep_reg[7]'
INFO: [Synth 8-3886] merging instance 'c2h_streamer_0/inst/u_source/m_axis_tkeep_reg[1]' (FDSE) to 'c2h_streamer_0/inst/u_source/m_axis_tkeep_reg[7]'
INFO: [Synth 8-3886] merging instance 'c2h_streamer_0/inst/u_source/m_axis_tkeep_reg[2]' (FDSE) to 'c2h_streamer_0/inst/u_source/m_axis_tkeep_reg[7]'
INFO: [Synth 8-3886] merging instance 'c2h_streamer_0/inst/u_source/m_axis_tkeep_reg[3]' (FDSE) to 'c2h_streamer_0/inst/u_source/m_axis_tkeep_reg[7]'
INFO: [Synth 8-3886] merging instance 'c2h_streamer_0/inst/u_source/m_axis_tkeep_reg[4]' (FDSE) to 'c2h_streamer_0/inst/u_source/m_axis_tkeep_reg[7]'
INFO: [Synth 8-3886] merging instance 'c2h_streamer_0/inst/u_source/m_axis_tkeep_reg[5]' (FDSE) to 'c2h_streamer_0/inst/u_source/m_axis_tkeep_reg[7]'
INFO: [Synth 8-3886] merging instance 'c2h_streamer_0/inst/u_source/m_axis_tkeep_reg[6]' (FDSE) to 'c2h_streamer_0/inst/u_source/m_axis_tkeep_reg[7]'
INFO: [Synth 8-3333] propagating constant 1 across sequential element (c2h_streamer_0/\inst/u_source/m_axis_tkeep_reg[7] )
INFO: [Synth 8-3886] merging instance 'axi_bram_ctrl_1/U0/gext_inst.abcv4_0_ext_inst/GEN_AXI4.I_FULL_AXI/I_RD_CHNL/GEN_NO_RD_CMD_OPT.GEN_RRESP.axi_rresp_int_reg[0]' (FDRE) to 'axi_bram_ctrl_1/U0/gext_inst.abcv4_0_ext_inst/GEN_AXI4.I_FULL_AXI/I_RD_CHNL/GEN_NO_RD_CMD_OPT.GEN_RRESP.axi_rresp_int_reg[1]'
INFO: [Synth 8-3886] merging instance 'axi_bram_ctrl_2/U0/gext_inst.abcv4_0_ext_inst/GEN_AXI4.I_FULL_AXI/I_RD_CHNL/GEN_NO_RD_CMD_OPT.GEN_RRESP.axi_rresp_int_reg[0]' (FDRE) to 'axi_bram_ctrl_2/U0/gext_inst.abcv4_0_ext_inst/GEN_AXI4.I_FULL_AXI/I_RD_CHNL/GEN_NO_RD_CMD_OPT.GEN_RRESP.axi_rresp_int_reg[1]'
INFO: [Synth 8-3333] propagating constant 0 across sequential element (axi_bram_ctrl_1/\U0/gext_inst.abcv4_0_ext_inst/GEN_AXI4.I_FULL_AXI/I_RD_CHNL/GEN_NO_RD_CMD_OPT.GEN_RRESP.axi_rresp_int_reg[1] )
INFO: [Synth 8-3333] propagating constant 0 across sequential element (axi_bram_ctrl_2/\U0/gext_inst.abcv4_0_ext_inst/GEN_AXI4.I_FULL_AXI/I_RD_CHNL/GEN_NO_RD_CMD_OPT.GEN_RRESP.axi_rresp_int_reg[1] )
INFO: [Synth 8-3886] merging instance 'axi_bram_ctrl_1/U0/gext_inst.abcv4_0_ext_inst/GEN_AXI4.I_FULL_AXI/I_WR_CHNL/GEN_BRESP.axi_bresp_int_reg[0]' (FDRE) to 'axi_bram_ctrl_1/U0/gext_inst.abcv4_0_ext_inst/GEN_AXI4.I_FULL_AXI/I_WR_CHNL/GEN_BRESP.axi_bresp_int_reg[1]'
INFO: [Synth 8-3886] merging instance 'axi_bram_ctrl_2/U0/gext_inst.abcv4_0_ext_inst/GEN_AXI4.I_FULL_AXI/I_WR_CHNL/GEN_BRESP.axi_bresp_int_reg[0]' (FDRE) to 'axi_bram_ctrl_2/U0/gext_inst.abcv4_0_ext_inst/GEN_AXI4.I_FULL_AXI/I_WR_CHNL/GEN_BRESP.axi_bresp_int_reg[1]'
INFO: [Synth 8-3333] propagating constant 0 across sequential element (axi_bram_ctrl_1/\U0/gext_inst.abcv4_0_ext_inst/GEN_AXI4.I_FULL_AXI/I_WR_CHNL/GEN_BRESP.axi_bresp_int_reg[1] )
INFO: [Synth 8-3333] propagating constant 0 across sequential element (axi_bram_ctrl_2/\U0/gext_inst.abcv4_0_ext_inst/GEN_AXI4.I_FULL_AXI/I_WR_CHNL/GEN_BRESP.axi_bresp_int_reg[1] )
INFO: [Synth 8-3886] merging instance 'axi_interconnect_0/xbar/inst/gen_samd.crossbar_samd/gen_slave_slots[0].gen_si_read.si_transactor_ar/gen_single_issue.active_target_hot_reg[2]' (FDRE) to 'axi_interconnect_0/xbar/inst/gen_samd.crossbar_samd/gen_slave_slots[0].gen_si_read.si_transactor_ar/gen_single_issue.active_target_enc_reg[1]'
INFO: [Synth 8-3886] merging instance 'axi_interconnect_0/xbar/inst/gen_samd.crossbar_samd/gen_slave_slots[0].gen_si_write.si_transactor_aw/gen_single_issue.active_target_hot_reg[2]' (FDRE) to 'axi_interconnect_0/xbar/inst/gen_samd.crossbar_samd/gen_slave_slots[0].gen_si_write.si_transactor_aw/gen_single_issue.active_target_enc_reg[1]'
INFO: [Synth 8-3886] merging instance 'axi_interconnect_0/xbar/inst/gen_samd.crossbar_samd/gen_master_slots[2].reg_slice_mi/b.b_pipe/m_payload_i_reg[0]' (FDE) to 'axi_interconnect_0/xbar/inst/gen_samd.crossbar_samd/gen_master_slots[2].reg_slice_mi/b.b_pipe/m_payload_i_reg[1]'
INFO: [Synth 8-3333] propagating constant 1 across sequential element (axi_interconnect_0/xbar/\inst/gen_samd.crossbar_samd/gen_master_slots[2].reg_slice_mi/b.b_pipe/m_payload_i_reg[1] )
INFO: [Synth 8-3886] merging instance 'axi_bram_ctrl_1/U0/gext_inst.abcv4_0_ext_inst/GEN_AXI4.I_FULL_AXI/I_RD_CHNL/GEN_NO_RD_CMD_OPT.I_WRAP_BRST/wrap_burst_total_reg[0]' (FDRE) to 'axi_bram_ctrl_1/U0/gext_inst.abcv4_0_ext_inst/GEN_AXI4.I_FULL_AXI/I_RD_CHNL/GEN_NO_RD_CMD_OPT.curr_wrap_burst_reg_reg'
INFO: [Synth 8-3886] merging instance 'axi_bram_ctrl_1/U0/gext_inst.abcv4_0_ext_inst/GEN_AXI4.I_FULL_AXI/I_RD_CHNL/GEN_NO_RD_CMD_OPT.GEN_RID_SNG.axi_rid_temp_reg[0]' (FDRE) to 'axi_bram_ctrl_1/U0/gext_inst.abcv4_0_ext_inst/GEN_AXI4.I_FULL_AXI/I_RD_CHNL/GEN_NO_RD_CMD_OPT.curr_wrap_burst_reg_reg'
INFO: [Synth 8-3886] merging instance 'axi_bram_ctrl_1/U0/gext_inst.abcv4_0_ext_inst/GEN_AXI4.I_FULL_AXI/I_RD_CHNL/GEN_NO_RD_CMD_OPT.I_WRAP_BRST/wrap_burst_total_reg[2]' (FDRE) to 'axi_bram_ctrl_1/U0/gext_inst.abcv4_0_ext_inst/GEN_AXI4.I_FULL_AXI/I_RD_CHNL/GEN_NO_RD_CMD_OPT.curr_wrap_burst_reg_reg'
INFO: [Synth 8-3886] merging instance 'axi_bram_ctrl_1/U0/gext_inst.abcv4_0_ext_inst/GEN_AXI4.I_FULL_AXI/I_RD_CHNL/GEN_NO_RD_CMD_OPT.I_WRAP_BRST/wrap_burst_total_reg[1]' (FDRE) to 'axi_bram_ctrl_1/U0/gext_inst.abcv4_0_ext_inst/GEN_AXI4.I_FULL_AXI/I_RD_CHNL/GEN_NO_RD_CMD_OPT.curr_wrap_burst_reg_reg'
INFO: [Synth 8-3333] propagating constant 0 across sequential element (axi_bram_ctrl_1/\U0/gext_inst.abcv4_0_ext_inst/GEN_AXI4.I_FULL_AXI/I_RD_CHNL/GEN_NO_RD_CMD_OPT.curr_wrap_burst_reg_reg )
INFO: [Synth 8-3333] propagating constant 0 across sequential element (axi_bram_ctrl_1/\U0/gext_inst.abcv4_0_ext_inst/GEN_AXI4.I_FULL_AXI/I_WR_CHNL/curr_wrap_burst_reg_reg )
INFO: [Synth 8-3886] merging instance 'axi_bram_ctrl_1/U0/gext_inst.abcv4_0_ext_inst/GEN_AXI4.I_FULL_AXI/I_WR_CHNL/I_WRAP_BRST/wrap_burst_total_reg[0]' (FDRE) to 'axi_bram_ctrl_1/U0/gext_inst.abcv4_0_ext_inst/GEN_AXI4.I_FULL_AXI/I_WR_CHNL/I_WRAP_BRST/wrap_burst_total_reg[1]'
INFO: [Synth 8-3886] merging instance 'axi_bram_ctrl_1/U0/gext_inst.abcv4_0_ext_inst/GEN_AXI4.I_FULL_AXI/I_WR_CHNL/I_WRAP_BRST/wrap_burst_total_reg[2]' (FDRE) to 'axi_bram_ctrl_1/U0/gext_inst.abcv4_0_ext_inst/GEN_AXI4.I_FULL_AXI/I_WR_CHNL/I_WRAP_BRST/wrap_burst_total_reg[1]'
INFO: [Synth 8-3333] propagating constant 0 across sequential element (axi_bram_ctrl_1/\U0/gext_inst.abcv4_0_ext_inst/GEN_AXI4.I_FULL_AXI/I_WR_CHNL/I_WRAP_BRST/wrap_burst_total_reg[1] )
INFO: [Synth 8-3886] merging instance 'axi_bram_ctrl_2/U0/gext_inst.abcv4_0_ext_inst/GEN_AXI4.I_FULL_AXI/I_RD_CHNL/GEN_NO_RD_CMD_OPT.I_WRAP_BRST/wrap_burst_total_reg[0]' (FDRE) to 'axi_bram_ctrl_2/U0/gext_inst.abcv4_0_ext_inst/GEN_AXI4.I_FULL_AXI/I_RD_CHNL/GEN_NO_RD_CMD_OPT.curr_wrap_burst_reg_reg'
INFO: [Synth 8-3886] merging instance 'axi_bram_ctrl_2/U0/gext_inst.abcv4_0_ext_inst/GEN_AXI4.I_FULL_AXI/I_RD_CHNL/GEN_NO_RD_CMD_OPT.GEN_RID_SNG.axi_rid_temp_reg[0]' (FDRE) to 'axi_bram_ctrl_2/U0/gext_inst.abcv4_0_ext_inst/GEN_AXI4.I_FULL_AXI/I_RD_CHNL/GEN_NO_RD_CMD_OPT.curr_wrap_burst_reg_reg'
INFO: [Synth 8-3886] merging instance 'axi_bram_ctrl_2/U0/gext_inst.abcv4_0_ext_inst/GEN_AXI4.I_FULL_AXI/I_RD_CHNL/GEN_NO_RD_CMD_OPT.I_WRAP_BRST/wrap_burst_total_reg[2]' (FDRE) to 'axi_bram_ctrl_2/U0/gext_inst.abcv4_0_ext_inst/GEN_AXI4.I_FULL_AXI/I_RD_CHNL/GEN_NO_RD_CMD_OPT.curr_wrap_burst_reg_reg'
INFO: [Synth 8-3886] merging instance 'axi_bram_ctrl_2/U0/gext_inst.abcv4_0_ext_inst/GEN_AXI4.I_FULL_AXI/I_RD_CHNL/GEN_NO_RD_CMD_OPT.I_WRAP_BRST/wrap_burst_total_reg[1]' (FDRE) to 'axi_bram_ctrl_2/U0/gext_inst.abcv4_0_ext_inst/GEN_AXI4.I_FULL_AXI/I_RD_CHNL/GEN_NO_RD_CMD_OPT.curr_wrap_burst_reg_reg'
INFO: [Synth 8-3333] propagating constant 0 across sequential element (axi_bram_ctrl_2/\U0/gext_inst.abcv4_0_ext_inst/GEN_AXI4.I_FULL_AXI/I_RD_CHNL/GEN_NO_RD_CMD_OPT.curr_wrap_burst_reg_reg )
INFO: [Synth 8-3333] propagating constant 0 across sequential element (axi_bram_ctrl_2/\U0/gext_inst.abcv4_0_ext_inst/GEN_AXI4.I_FULL_AXI/I_WR_CHNL/curr_wrap_burst_reg_reg )
INFO: [Synth 8-3886] merging instance 'axi_bram_ctrl_2/U0/gext_inst.abcv4_0_ext_inst/GEN_AXI4.I_FULL_AXI/I_WR_CHNL/I_WRAP_BRST/wrap_burst_total_reg[0]' (FDRE) to 'axi_bram_ctrl_2/U0/gext_inst.abcv4_0_ext_inst/GEN_AXI4.I_FULL_AXI/I_WR_CHNL/I_WRAP_BRST/wrap_burst_total_reg[1]'
INFO: [Synth 8-3886] merging instance 'axi_bram_ctrl_2/U0/gext_inst.abcv4_0_ext_inst/GEN_AXI4.I_FULL_AXI/I_WR_CHNL/I_WRAP_BRST/wrap_burst_total_reg[2]' (FDRE) to 'axi_bram_ctrl_2/U0/gext_inst.abcv4_0_ext_inst/GEN_AXI4.I_FULL_AXI/I_WR_CHNL/I_WRAP_BRST/wrap_burst_total_reg[1]'
INFO: [Synth 8-3333] propagating constant 0 across sequential element (axi_bram_ctrl_2/\U0/gext_inst.abcv4_0_ext_inst/GEN_AXI4.I_FULL_AXI/I_WR_CHNL/I_WRAP_BRST/wrap_burst_total_reg[1] )
INFO: [Synth 8-3886] merging instance 'axi_bram_ctrl_1/U0/gext_inst.abcv4_0_ext_inst/GEN_AXI4.I_FULL_AXI/I_RD_CHNL/GEN_NO_RD_CMD_OPT.GEN_RD_BURST_NORL.axi_rd_burst_two_reg' (FDRE) to 'axi_bram_ctrl_1/U0/gext_inst.abcv4_0_ext_inst/GEN_AXI4.I_FULL_AXI/I_RD_CHNL/GEN_NO_RD_CMD_OPT.GEN_RD_BURST_NORL.axi_rd_burst_reg'
INFO: [Synth 8-3333] propagating constant 0 across sequential element (axi_bram_ctrl_1/\U0/gext_inst.abcv4_0_ext_inst/GEN_AXI4.I_FULL_AXI/I_RD_CHNL/GEN_NO_RD_CMD_OPT.GEN_RD_BURST_NORL.axi_rd_burst_reg )
INFO: [Synth 8-3886] merging instance 'axi_bram_ctrl_2/U0/gext_inst.abcv4_0_ext_inst/GEN_AXI4.I_FULL_AXI/I_RD_CHNL/GEN_NO_RD_CMD_OPT.GEN_RD_BURST_NORL.axi_rd_burst_two_reg' (FDRE) to 'axi_bram_ctrl_2/U0/gext_inst.abcv4_0_ext_inst/GEN_AXI4.I_FULL_AXI/I_RD_CHNL/GEN_NO_RD_CMD_OPT.GEN_RD_BURST_NORL.axi_rd_burst_reg'
INFO: [Synth 8-3333] propagating constant 0 across sequential element (axi_bram_ctrl_2/\U0/gext_inst.abcv4_0_ext_inst/GEN_AXI4.I_FULL_AXI/I_RD_CHNL/GEN_NO_RD_CMD_OPT.GEN_RD_BURST_NORL.axi_rd_burst_reg )
INFO: [Synth 8-3333] propagating constant 0 across sequential element (axi_bram_ctrl_1/\U0/gext_inst.abcv4_0_ext_inst/GEN_AXI4.I_FULL_AXI/I_WR_CHNL/FSM_onehot_GEN_WDATA_SM_NO_ECC_SNG_REG_WREADY.wr_data_sng_sm_cs_reg[1] )
INFO: [Synth 8-3333] propagating constant 0 across sequential element (axi_bram_ctrl_2/\U0/gext_inst.abcv4_0_ext_inst/GEN_AXI4.I_FULL_AXI/I_WR_CHNL/FSM_onehot_GEN_WDATA_SM_NO_ECC_SNG_REG_WREADY.wr_data_sng_sm_cs_reg[1] )
INFO: [Synth 8-3886] merging instance 'axis_register_slice_0/inst/axisc_register_slice_0/gen_AB_reg_slice.payload_b_reg[64]' (FDE) to 'axis_register_slice_0/inst/axisc_register_slice_0/gen_AB_reg_slice.payload_b_reg[65]'
INFO: [Synth 8-3886] merging instance 'axis_register_slice_0/inst/axisc_register_slice_0/gen_AB_reg_slice.payload_a_reg[64]' (FDE) to 'axis_register_slice_0/inst/axisc_register_slice_0/gen_AB_reg_slice.payload_a_reg[65]'
INFO: [Synth 8-3886] merging instance 'axis_register_slice_0/inst/axisc_register_slice_0/gen_AB_reg_slice.payload_b_reg[65]' (FDE) to 'axis_register_slice_0/inst/axisc_register_slice_0/gen_AB_reg_slice.payload_b_reg[66]'
INFO: [Common 17-14] Message 'Synth 8-3886' appears 100 times and further instances of the messages will be disabled. Use the Tcl command set_msg_config to change the current settings.
INFO: [Common 17-14] Message 'Synth 8-3886' appears 100 times and further instances of the messages will be disabled. Use the Tcl command set_msg_config to change the current settings.
INFO: [Synth 8-3333] propagating constant 1 across sequential element (axis_register_slice_0/inst/\axisc_register_slice_0/gen_AB_reg_slice.payload_b_reg[71] )
INFO: [Synth 8-3333] propagating constant 1 across sequential element (axis_register_slice_0/inst/\axisc_register_slice_0/gen_AB_reg_slice.payload_a_reg[71] )
INFO: [Synth 8-3333] propagating constant 0 across sequential element (axi_interconnect_0/xbar/\inst/gen_samd.crossbar_samd/gen_master_slots[0].reg_slice_mi/b.b_pipe/m_payload_i_reg[1] )
INFO: [Synth 8-3333] propagating constant 0 across sequential element (axi_interconnect_0/xbar/\inst/gen_samd.crossbar_samd/gen_master_slots[1].reg_slice_mi/b.b_pipe/m_payload_i_reg[1] )
INFO: [Synth 8-3333] propagating constant 0 across sequential element (axi_bram_ctrl_1/\U0/gext_inst.abcv4_0_ext_inst/GEN_AXI4.I_FULL_AXI/I_RD_CHNL/GEN_NO_RD_CMD_OPT.act_rd_burst_reg )
INFO: [Synth 8-3333] propagating constant 0 across sequential element (axi_bram_ctrl_1/\U0/gext_inst.abcv4_0_ext_inst/GEN_AXI4.I_FULL_AXI/I_RD_CHNL/GEN_NO_RD_CMD_OPT.act_rd_burst_two_reg )
INFO: [Synth 8-3333] propagating constant 0 across sequential element (axi_bram_ctrl_2/\U0/gext_inst.abcv4_0_ext_inst/GEN_AXI4.I_FULL_AXI/I_RD_CHNL/GEN_NO_RD_CMD_OPT.act_rd_burst_reg )
INFO: [Synth 8-3333] propagating constant 0 across sequential element (axi_bram_ctrl_2/\U0/gext_inst.abcv4_0_ext_inst/GEN_AXI4.I_FULL_AXI/I_RD_CHNL/GEN_NO_RD_CMD_OPT.act_rd_burst_two_reg )
INFO: [Synth 8-3332] Sequential element (U0/gext_inst.abcv4_0_ext_inst/GEN_AXI4.I_FULL_AXI/I_WR_CHNL/BID_FIFO/Data_Exists_DFF) is unused and will be removed from module design_1_axi_bram_ctrl_1_0.
INFO: [Synth 8-3332] Sequential element (U0/gext_inst.abcv4_0_ext_inst/GEN_AXI4.I_FULL_AXI/I_WR_CHNL/BID_FIFO/Addr_Counters[0].FDRE_I) is unused and will be removed from module design_1_axi_bram_ctrl_1_0.
INFO: [Synth 8-3332] Sequential element (U0/gext_inst.abcv4_0_ext_inst/GEN_AXI4.I_FULL_AXI/I_WR_CHNL/BID_FIFO/Addr_Counters[1].FDRE_I) is unused and will be removed from module design_1_axi_bram_ctrl_1_0.
INFO: [Synth 8-3332] Sequential element (U0/gext_inst.abcv4_0_ext_inst/GEN_AXI4.I_FULL_AXI/I_WR_CHNL/BID_FIFO/Addr_Counters[2].FDRE_I) is unused and will be removed from module design_1_axi_bram_ctrl_1_0.
INFO: [Synth 8-3332] Sequential element (U0/gext_inst.abcv4_0_ext_inst/GEN_AXI4.I_FULL_AXI/I_WR_CHNL/BID_FIFO/Addr_Counters[3].FDRE_I) is unused and will be removed from module design_1_axi_bram_ctrl_1_0.
INFO: [Synth 8-3332] Sequential element (U0/gext_inst.abcv4_0_ext_inst/GEN_AXI4.I_FULL_AXI/I_WR_CHNL/FSM_onehot_GEN_WDATA_SM_NO_ECC_SNG_REG_WREADY.wr_data_sng_sm_cs_reg[1]) is unused and will be removed from module design_1_axi_bram_ctrl_1_0.
INFO: [Synth 8-3332] Sequential element (U0/gext_inst.abcv4_0_ext_inst/GEN_AXI4.I_FULL_AXI/I_RD_CHNL/FSM_sequential_GEN_NO_RD_CMD_OPT.rlast_sm_cs_reg[0]) is unused and will be removed from module design_1_axi_bram_ctrl_1_0.
INFO: [Synth 8-3332] Sequential element (U0/gext_inst.abcv4_0_ext_inst/GEN_AXI4.I_FULL_AXI/I_WR_CHNL/BID_FIFO/Data_Exists_DFF) is unused and will be removed from module design_1_axi_bram_ctrl_2_0.
INFO: [Synth 8-3332] Sequential element (U0/gext_inst.abcv4_0_ext_inst/GEN_AXI4.I_FULL_AXI/I_WR_CHNL/BID_FIFO/Addr_Counters[0].FDRE_I) is unused and will be removed from module design_1_axi_bram_ctrl_2_0.
INFO: [Synth 8-3332] Sequential element (U0/gext_inst.abcv4_0_ext_inst/GEN_AXI4.I_FULL_AXI/I_WR_CHNL/BID_FIFO/Addr_Counters[1].FDRE_I) is unused and will be removed from module design_1_axi_bram_ctrl_2_0.
INFO: [Synth 8-3332] Sequential element (U0/gext_inst.abcv4_0_ext_inst/GEN_AXI4.I_FULL_AXI/I_WR_CHNL/BID_FIFO/Addr_Counters[2].FDRE_I) is unused and will be removed from module design_1_axi_bram_ctrl_2_0.
INFO: [Synth 8-3332] Sequential element (U0/gext_inst.abcv4_0_ext_inst/GEN_AXI4.I_FULL_AXI/I_WR_CHNL/BID_FIFO/Addr_Counters[3].FDRE_I) is unused and will be removed from module design_1_axi_bram_ctrl_2_0.
INFO: [Synth 8-3332] Sequential element (U0/gext_inst.abcv4_0_ext_inst/GEN_AXI4.I_FULL_AXI/I_WR_CHNL/FSM_onehot_GEN_WDATA_SM_NO_ECC_SNG_REG_WREADY.wr_data_sng_sm_cs_reg[1]) is unused and will be removed from module design_1_axi_bram_ctrl_2_0.
INFO: [Synth 8-3332] Sequential element (U0/gext_inst.abcv4_0_ext_inst/GEN_AXI4.I_FULL_AXI/I_RD_CHNL/FSM_sequential_GEN_NO_RD_CMD_OPT.rlast_sm_cs_reg[0]) is unused and will be removed from module design_1_axi_bram_ctrl_2_0.
INFO: [Synth 8-3332] Sequential element (inst/u_ctrl/pending_mult_by_bram_doutb_reg[47]) is unused and will be removed from module design_1_c2h_streamer_0_0.
INFO: [Synth 8-3332] Sequential element (inst/u_ctrl/pending_mult_by_bram_doutb_reg[46]) is unused and will be removed from module design_1_c2h_streamer_0_0.
INFO: [Synth 8-3332] Sequential element (inst/u_ctrl/pending_mult_by_bram_doutb_reg[45]) is unused and will be removed from module design_1_c2h_streamer_0_0.
INFO: [Synth 8-3332] Sequential element (inst/u_ctrl/pending_mult_by_bram_doutb_reg[44]) is unused and will be removed from module design_1_c2h_streamer_0_0.
INFO: [Synth 8-3332] Sequential element (inst/u_ctrl/pending_mult_by_bram_doutb_reg[43]) is unused and will be removed from module design_1_c2h_streamer_0_0.
INFO: [Synth 8-3332] Sequential element (inst/u_ctrl/pending_mult_by_bram_doutb_reg[42]) is unused and will be removed from module design_1_c2h_streamer_0_0.
INFO: [Synth 8-3332] Sequential element (inst/u_ctrl/pending_mult_by_bram_doutb_reg[41]) is unused and will be removed from module design_1_c2h_streamer_0_0.
INFO: [Synth 8-3332] Sequential element (inst/u_ctrl/pending_mult_by_bram_doutb_reg[40]) is unused and will be removed from module design_1_c2h_streamer_0_0.
INFO: [Synth 8-3332] Sequential element (inst/u_ctrl/pending_mult_by_bram_doutb_reg[39]) is unused and will be removed from module design_1_c2h_streamer_0_0.
INFO: [Synth 8-3332] Sequential element (inst/u_ctrl/pending_mult_by_bram_doutb_reg[38]) is unused and will be removed from module design_1_c2h_streamer_0_0.
INFO: [Synth 8-3332] Sequential element (inst/u_ctrl/pending_mult_by_bram_doutb_reg[37]) is unused and will be removed from module design_1_c2h_streamer_0_0.
INFO: [Synth 8-3332] Sequential element (inst/u_ctrl/pending_mult_by_bram_doutb_reg[36]) is unused and will be removed from module design_1_c2h_streamer_0_0.
INFO: [Synth 8-3332] Sequential element (inst/u_ctrl/pending_mult_by_bram_doutb_reg[35]) is unused and will be removed from module design_1_c2h_streamer_0_0.
INFO: [Synth 8-3332] Sequential element (inst/u_ctrl/pending_mult_by_bram_doutb_reg[34]) is unused and will be removed from module design_1_c2h_streamer_0_0.
INFO: [Synth 8-3332] Sequential element (inst/u_ctrl/pending_mult_by_bram_doutb_reg[33]) is unused and will be removed from module design_1_c2h_streamer_0_0.
INFO: [Synth 8-3332] Sequential element (inst/u_ctrl/pending_mult_by_bram_doutb_reg[32]) is unused and will be removed from module design_1_c2h_streamer_0_0.
INFO: [Synth 8-3332] Sequential element (inst/u_ctrl/pending_mult_by_bram_doutb_reg[31]) is unused and will be removed from module design_1_c2h_streamer_0_0.
INFO: [Synth 8-3332] Sequential element (inst/u_ctrl/pending_mult_by_bram_doutb_reg[30]) is unused and will be removed from module design_1_c2h_streamer_0_0.
INFO: [Synth 8-3332] Sequential element (inst/u_ctrl/pending_mult_by_bram_doutb_reg[29]) is unused and will be removed from module design_1_c2h_streamer_0_0.
INFO: [Synth 8-3332] Sequential element (inst/u_ctrl/pending_mult_by_bram_doutb_reg[28]) is unused and will be removed from module design_1_c2h_streamer_0_0.
INFO: [Synth 8-3332] Sequential element (inst/u_ctrl/pending_mult_by_bram_doutb_reg[27]) is unused and will be removed from module design_1_c2h_streamer_0_0.
INFO: [Synth 8-3332] Sequential element (inst/u_ctrl/pending_mult_by_bram_doutb_reg[26]) is unused and will be removed from module design_1_c2h_streamer_0_0.
INFO: [Synth 8-3332] Sequential element (inst/u_ctrl/pending_mult_by_bram_doutb_reg[25]) is unused and will be removed from module design_1_c2h_streamer_0_0.
INFO: [Synth 8-3332] Sequential element (inst/u_ctrl/pending_mult_by_bram_doutb_reg[24]) is unused and will be removed from module design_1_c2h_streamer_0_0.
INFO: [Synth 8-3332] Sequential element (inst/u_ctrl/pending_mult_by_bram_doutb_reg[23]) is unused and will be removed from module design_1_c2h_streamer_0_0.
INFO: [Synth 8-3332] Sequential element (inst/u_ctrl/pending_mult_by_bram_doutb_reg[22]) is unused and will be removed from module design_1_c2h_streamer_0_0.
INFO: [Synth 8-3332] Sequential element (inst/u_ctrl/pending_mult_by_bram_doutb_reg[21]) is unused and will be removed from module design_1_c2h_streamer_0_0.
INFO: [Synth 8-3332] Sequential element (inst/u_ctrl/pending_mult_by_bram_doutb_reg[20]) is unused and will be removed from module design_1_c2h_streamer_0_0.
INFO: [Synth 8-3332] Sequential element (inst/u_ctrl/pending_mult_by_bram_doutb_reg[19]) is unused and will be removed from module design_1_c2h_streamer_0_0.
INFO: [Synth 8-3332] Sequential element (inst/u_ctrl/pending_mult_by_bram_doutb_reg[18]) is unused and will be removed from module design_1_c2h_streamer_0_0.
INFO: [Synth 8-3332] Sequential element (inst/u_ctrl/pending_mult_by_bram_doutb_reg[17]) is unused and will be removed from module design_1_c2h_streamer_0_0.
INFO: [Synth 8-3332] Sequential element (inst/u_ctrl/pending_mult_by_bram_doutb_reg[47]__0) is unused and will be removed from module design_1_c2h_streamer_0_0.
INFO: [Synth 8-3332] Sequential element (inst/u_ctrl/pending_mult_by_bram_doutb_reg[46]__0) is unused and will be removed from module design_1_c2h_streamer_0_0.
INFO: [Synth 8-3332] Sequential element (inst/u_ctrl/pending_mult_by_bram_doutb_reg[45]__0) is unused and will be removed from module design_1_c2h_streamer_0_0.
INFO: [Synth 8-3332] Sequential element (inst/u_ctrl/pending_mult_by_bram_doutb_reg[44]__0) is unused and will be removed from module design_1_c2h_streamer_0_0.
INFO: [Synth 8-3332] Sequential element (inst/u_ctrl/pending_mult_by_bram_doutb_reg[43]__0) is unused and will be removed from module design_1_c2h_streamer_0_0.
INFO: [Synth 8-3332] Sequential element (inst/u_ctrl/pending_mult_by_bram_doutb_reg[42]__0) is unused and will be removed from module design_1_c2h_streamer_0_0.
INFO: [Synth 8-3332] Sequential element (inst/u_ctrl/pending_mult_by_bram_doutb_reg[41]__0) is unused and will be removed from module design_1_c2h_streamer_0_0.
INFO: [Synth 8-3332] Sequential element (inst/u_ctrl/pending_mult_by_bram_doutb_reg[40]__0) is unused and will be removed from module design_1_c2h_streamer_0_0.
INFO: [Synth 8-3332] Sequential element (inst/u_ctrl/pending_mult_by_bram_doutb_reg[39]__0) is unused and will be removed from module design_1_c2h_streamer_0_0.
INFO: [Synth 8-3332] Sequential element (inst/u_ctrl/pending_mult_by_bram_doutb_reg[38]__0) is unused and will be removed from module design_1_c2h_streamer_0_0.
INFO: [Synth 8-3332] Sequential element (inst/u_ctrl/pending_mult_by_bram_doutb_reg[37]__0) is unused and will be removed from module design_1_c2h_streamer_0_0.
INFO: [Synth 8-3332] Sequential element (inst/u_ctrl/pending_mult_by_bram_doutb_reg[36]__0) is unused and will be removed from module design_1_c2h_streamer_0_0.
INFO: [Synth 8-3332] Sequential element (inst/u_ctrl/pending_mult_by_bram_doutb_reg[35]__0) is unused and will be removed from module design_1_c2h_streamer_0_0.
INFO: [Synth 8-3332] Sequential element (inst/u_ctrl/pending_mult_by_bram_doutb_reg[34]__0) is unused and will be removed from module design_1_c2h_streamer_0_0.
INFO: [Synth 8-3332] Sequential element (inst/u_ctrl/pending_mult_by_bram_doutb_reg[33]__0) is unused and will be removed from module design_1_c2h_streamer_0_0.
INFO: [Synth 8-3332] Sequential element (inst/u_ctrl/pending_mult_by_bram_doutb_reg[32]__0) is unused and will be removed from module design_1_c2h_streamer_0_0.
INFO: [Synth 8-3332] Sequential element (inst/u_ctrl/pending_mult_by_bram_doutb_reg[31]__0) is unused and will be removed from module design_1_c2h_streamer_0_0.
INFO: [Synth 8-3332] Sequential element (inst/u_ctrl/pending_mult_by_bram_doutb_reg[30]__0) is unused and will be removed from module design_1_c2h_streamer_0_0.
INFO: [Synth 8-3332] Sequential element (inst/u_ctrl/pending_mult_by_bram_doutb_reg[29]__0) is unused and will be removed from module design_1_c2h_streamer_0_0.
INFO: [Synth 8-3332] Sequential element (inst/u_ctrl/pending_mult_by_bram_doutb_reg[28]__0) is unused and will be removed from module design_1_c2h_streamer_0_0.
INFO: [Synth 8-3332] Sequential element (inst/u_ctrl/pending_mult_by_bram_doutb_reg[27]__0) is unused and will be removed from module design_1_c2h_streamer_0_0.
INFO: [Synth 8-3332] Sequential element (inst/u_ctrl/pending_mult_by_bram_doutb_reg[26]__0) is unused and will be removed from module design_1_c2h_streamer_0_0.
INFO: [Synth 8-3332] Sequential element (inst/u_ctrl/pending_mult_by_bram_doutb_reg[25]__0) is unused and will be removed from module design_1_c2h_streamer_0_0.
INFO: [Synth 8-3332] Sequential element (inst/u_ctrl/pending_mult_by_bram_doutb_reg[24]__0) is unused and will be removed from module design_1_c2h_streamer_0_0.
INFO: [Synth 8-3332] Sequential element (inst/u_ctrl/pending_mult_by_bram_doutb_reg[23]__0) is unused and will be removed from module design_1_c2h_streamer_0_0.
INFO: [Synth 8-3332] Sequential element (inst/u_ctrl/pending_mult_by_bram_doutb_reg[22]__0) is unused and will be removed from module design_1_c2h_streamer_0_0.
INFO: [Synth 8-3332] Sequential element (inst/u_ctrl/pending_mult_by_bram_doutb_reg[21]__0) is unused and will be removed from module design_1_c2h_streamer_0_0.
INFO: [Synth 8-3332] Sequential element (inst/u_ctrl/pending_mult_by_bram_doutb_reg[20]__0) is unused and will be removed from module design_1_c2h_streamer_0_0.
INFO: [Synth 8-3332] Sequential element (inst/u_ctrl/pending_mult_by_bram_doutb_reg[19]__0) is unused and will be removed from module design_1_c2h_streamer_0_0.
INFO: [Synth 8-3332] Sequential element (inst/u_ctrl/pending_mult_by_bram_doutb_reg[18]__0) is unused and will be removed from module design_1_c2h_streamer_0_0.
INFO: [Synth 8-3332] Sequential element (inst/u_ctrl/pending_mult_by_bram_doutb_reg[17]__0) is unused and will be removed from module design_1_c2h_streamer_0_0.
INFO: [Synth 8-3332] Sequential element (inst/u_ctrl/pending_mult_by_bram_doutb_reg[16]__0) is unused and will be removed from module design_1_c2h_streamer_0_0.
INFO: [Synth 8-3332] Sequential element (inst/u_ctrl/pending_mult_by_bram_doutb_reg[15]__0) is unused and will be removed from module design_1_c2h_streamer_0_0.
INFO: [Synth 8-3333] propagating constant 0 across sequential element (system_ila_1/inst/ila_lib/inst/ila_core_inst/\u_ila_regs/shift_reg1_reg[1023] )
INFO: [Synth 8-3333] propagating constant 0 across sequential element (system_ila_1/inst/ila_lib/inst/ila_core_inst/\u_ila_regs/shift_reg0_reg[1023] )
INFO: [Synth 8-3333] propagating constant 0 across sequential element (system_ila_1/inst/ila_lib/inst/ila_core_inst/\u_trig/shift_cap_strg_qual_reg )
INFO: [Synth 8-3333] propagating constant 1 across sequential element (system_ila_1/inst/ila_lib/inst/ila_core_inst/\u_ila_regs/slaveRegDo_ff7_reg[0] )
INFO: [Synth 8-3333] propagating constant 1 across sequential element (system_ila_1/inst/ila_lib/inst/ila_core_inst/\u_ila_regs/N_DDR_MODE.PROBE_STATUS[25].probe_width_reg /\I_EN_STAT_EQ1.U_STAT/xsdb_reg_reg[0] )
INFO: [Synth 8-3333] propagating constant 1 across sequential element (system_ila_1/inst/ila_lib/inst/ila_core_inst/\u_ila_regs/N_DDR_MODE.PROBE_STATUS[24].probe_width_reg /\I_EN_STAT_EQ1.U_STAT/xsdb_reg_reg[0] )
INFO: [Synth 8-3333] propagating constant 1 across sequential element (system_ila_1/inst/ila_lib/inst/ila_core_inst/\u_ila_regs/N_DDR_MODE.PROBE_STATUS[23].probe_width_reg /\I_EN_STAT_EQ1.U_STAT/xsdb_reg_reg[0] )
INFO: [Synth 8-3333] propagating constant 1 across sequential element (system_ila_1/inst/ila_lib/inst/ila_core_inst/\u_ila_regs/N_DDR_MODE_MU1.MU_STATUS[1].mu_tpid_reg /\I_EN_STAT_EQ1.U_STAT/xsdb_reg_reg[0] )
INFO: [Synth 8-3333] propagating constant 1 across sequential element (system_ila_1/inst/ila_lib/inst/ila_core_inst/\u_ila_regs/N_DDR_MODE.PROBE_STATUS[20].probe_width_reg /\I_EN_STAT_EQ1.U_STAT/xsdb_reg_reg[1] )
INFO: [Synth 8-3333] propagating constant 1 across sequential element (system_ila_1/inst/ila_lib/inst/ila_core_inst/\u_ila_regs/N_DDR_MODE.PROBE_STATUS[19].probe_width_reg /\I_EN_STAT_EQ1.U_STAT/xsdb_reg_reg[1] )
INFO: [Synth 8-3333] propagating constant 1 across sequential element (system_ila_1/inst/ila_lib/inst/ila_core_inst/\u_ila_regs/N_DDR_MODE.PROBE_STATUS[18].probe_width_reg /\I_EN_STAT_EQ1.U_STAT/xsdb_reg_reg[1] )
INFO: [Synth 8-3333] propagating constant 1 across sequential element (system_ila_1/inst/ila_lib/inst/ila_core_inst/\u_ila_regs/N_DDR_MODE.PROBE_STATUS[17].probe_width_reg /\I_EN_STAT_EQ1.U_STAT/xsdb_reg_reg[1] )
INFO: [Synth 8-3333] propagating constant 1 across sequential element (system_ila_1/inst/ila_lib/inst/ila_core_inst/\u_ila_regs/N_DDR_MODE.PROBE_STATUS[16].probe_width_reg /\I_EN_STAT_EQ1.U_STAT/xsdb_reg_reg[1] )
INFO: [Synth 8-3333] propagating constant 1 across sequential element (system_ila_1/inst/ila_lib/inst/ila_core_inst/\u_ila_regs/N_DDR_MODE.PROBE_STATUS[13].probe_width_reg /\I_EN_STAT_EQ1.U_STAT/xsdb_reg_reg[1] )
INFO: [Synth 8-3333] propagating constant 1 across sequential element (system_ila_1/inst/ila_lib/inst/ila_core_inst/\u_ila_regs/N_DDR_MODE.PROBE_STATUS[11].probe_width_reg /\I_EN_STAT_EQ1.U_STAT/xsdb_reg_reg[1] )
INFO: [Synth 8-3333] propagating constant 1 across sequential element (system_ila_1/inst/ila_lib/inst/ila_core_inst/\u_ila_regs/N_DDR_MODE.PROBE_STATUS[10].probe_width_reg /\I_EN_STAT_EQ1.U_STAT/xsdb_reg_reg[1] )
INFO: [Synth 8-3333] propagating constant 1 across sequential element (system_ila_1/inst/ila_lib/inst/ila_core_inst/\u_ila_regs/N_DDR_MODE.PROBE_STATUS[9].probe_width_reg /\I_EN_STAT_EQ1.U_STAT/xsdb_reg_reg[1] )
INFO: [Synth 8-3333] propagating constant 1 across sequential element (system_ila_1/inst/ila_lib/inst/ila_core_inst/\u_ila_regs/N_DDR_MODE.PROBE_STATUS[8].probe_width_reg /\I_EN_STAT_EQ1.U_STAT/xsdb_reg_reg[1] )
INFO: [Synth 8-3333] propagating constant 1 across sequential element (system_ila_1/inst/ila_lib/inst/ila_core_inst/\u_ila_regs/N_DDR_MODE.PROBE_STATUS[6].probe_width_reg /\I_EN_STAT_EQ1.U_STAT/xsdb_reg_reg[1] )
INFO: [Synth 8-3333] propagating constant 1 across sequential element (system_ila_1/inst/ila_lib/inst/ila_core_inst/\u_ila_regs/N_DDR_MODE.PROBE_STATUS[5].probe_width_reg /\I_EN_STAT_EQ1.U_STAT/xsdb_reg_reg[1] )
INFO: [Synth 8-3333] propagating constant 1 across sequential element (system_ila_1/inst/ila_lib/inst/ila_core_inst/\u_ila_regs/N_DDR_MODE_MU1.MU_STATUS[3].mu_tpid_reg /\I_EN_STAT_EQ1.U_STAT/xsdb_reg_reg[1] )
INFO: [Synth 8-3333] propagating constant 1 across sequential element (system_ila_1/inst/ila_lib/inst/ila_core_inst/\u_ila_regs/N_DDR_MODE.PROBE_STATUS[3].probe_width_reg /\I_EN_STAT_EQ1.U_STAT/xsdb_reg_reg[1] )
INFO: [Synth 8-3333] propagating constant 1 across sequential element (system_ila_1/inst/ila_lib/inst/ila_core_inst/\u_ila_regs/N_DDR_MODE_MU1.MU_STATUS[2].mu_tpid_reg /\I_EN_STAT_EQ1.U_STAT/xsdb_reg_reg[1] )
INFO: [Synth 8-3333] propagating constant 1 across sequential element (system_ila_1/inst/ila_lib/inst/ila_core_inst/\u_ila_regs/reg_88d /\I_EN_STAT_EQ1.U_STAT/xsdb_reg_reg[2] )
INFO: [Synth 8-3333] propagating constant 1 across sequential element (system_ila_1/inst/ila_lib/inst/ila_core_inst/\u_ila_regs/reg_887 /\I_EN_STAT_EQ1.U_STAT/xsdb_reg_reg[2] )
INFO: [Synth 8-3333] propagating constant 1 across sequential element (system_ila_1/inst/ila_lib/inst/ila_core_inst/\u_ila_regs/N_DDR_MODE.PROBE_STATUS[15].probe_width_reg /\I_EN_STAT_EQ1.U_STAT/xsdb_reg_reg[2] )
INFO: [Synth 8-3333] propagating constant 1 across sequential element (system_ila_1/inst/ila_lib/inst/ila_core_inst/\u_ila_regs/N_DDR_MODE_MU1.MU_STATUS[7].mu_tpid_reg /\I_EN_STAT_EQ1.U_STAT/xsdb_reg_reg[2] )
INFO: [Synth 8-3333] propagating constant 1 across sequential element (system_ila_1/inst/ila_lib/inst/ila_core_inst/\u_ila_regs/N_DDR_MODE_MU1.MU_STATUS[6].mu_tpid_reg /\I_EN_STAT_EQ1.U_STAT/xsdb_reg_reg[2] )
INFO: [Synth 8-3333] propagating constant 1 across sequential element (system_ila_1/inst/ila_lib/inst/ila_core_inst/\u_ila_regs/N_DDR_MODE_MU1.MU_STATUS[5].mu_tpid_reg /\I_EN_STAT_EQ1.U_STAT/xsdb_reg_reg[2] )
INFO: [Synth 8-3333] propagating constant 1 across sequential element (system_ila_1/inst/ila_lib/inst/ila_core_inst/\u_ila_regs/N_DDR_MODE_MU1.MU_STATUS[4].mu_tpid_reg /\I_EN_STAT_EQ1.U_STAT/xsdb_reg_reg[2] )
INFO: [Synth 8-3333] propagating constant 1 across sequential element (system_ila_1/inst/ila_lib/inst/ila_core_inst/\u_ila_regs/N_DDR_MODE.PROBE_STATUS[22].probe_width_reg /\I_EN_STAT_EQ1.U_STAT/xsdb_reg_reg[3] )
INFO: [Synth 8-3333] propagating constant 1 across sequential element (system_ila_1/inst/ila_lib/inst/ila_core_inst/\u_ila_regs/N_DDR_MODE_MU1.MU_STATUS[15].mu_tpid_reg /\I_EN_STAT_EQ1.U_STAT/xsdb_reg_reg[3] )
INFO: [Synth 8-3333] propagating constant 1 across sequential element (system_ila_1/inst/ila_lib/inst/ila_core_inst/\u_ila_regs/N_DDR_MODE_MU1.MU_STATUS[14].mu_tpid_reg /\I_EN_STAT_EQ1.U_STAT/xsdb_reg_reg[3] )
INFO: [Synth 8-3333] propagating constant 1 across sequential element (system_ila_1/inst/ila_lib/inst/ila_core_inst/\u_ila_regs/N_DDR_MODE_MU1.MU_STATUS[13].mu_tpid_reg /\I_EN_STAT_EQ1.U_STAT/xsdb_reg_reg[3] )
INFO: [Synth 8-3333] propagating constant 1 across sequential element (system_ila_1/inst/ila_lib/inst/ila_core_inst/\u_ila_regs/N_DDR_MODE_MU1.MU_STATUS[12].mu_tpid_reg /\I_EN_STAT_EQ1.U_STAT/xsdb_reg_reg[3] )
INFO: [Synth 8-3333] propagating constant 1 across sequential element (system_ila_1/inst/ila_lib/inst/ila_core_inst/\u_ila_regs/N_DDR_MODE_MU1.MU_STATUS[11].mu_tpid_reg /\I_EN_STAT_EQ1.U_STAT/xsdb_reg_reg[3] )
INFO: [Synth 8-3333] propagating constant 1 across sequential element (system_ila_1/inst/ila_lib/inst/ila_core_inst/\u_ila_regs/N_DDR_MODE_MU1.MU_STATUS[10].mu_tpid_reg /\I_EN_STAT_EQ1.U_STAT/xsdb_reg_reg[3] )
INFO: [Synth 8-3333] propagating constant 1 across sequential element (system_ila_1/inst/ila_lib/inst/ila_core_inst/\u_ila_regs/N_DDR_MODE_MU1.MU_STATUS[9].mu_tpid_reg /\I_EN_STAT_EQ1.U_STAT/xsdb_reg_reg[3] )
INFO: [Synth 8-3333] propagating constant 1 across sequential element (system_ila_1/inst/ila_lib/inst/ila_core_inst/\u_ila_regs/N_DDR_MODE_MU1.MU_STATUS[8].mu_tpid_reg /\I_EN_STAT_EQ1.U_STAT/xsdb_reg_reg[3] )
INFO: [Synth 8-3333] propagating constant 1 across sequential element (system_ila_1/inst/ila_lib/inst/ila_core_inst/\u_ila_regs/CNT_WIDTH_STATUS[0].cnt_width_reg /\I_EN_STAT_EQ1.U_STAT/xsdb_reg_reg[4] )
INFO: [Synth 8-3333] propagating constant 1 across sequential element (system_ila_1/inst/ila_lib/inst/ila_core_inst/\u_ila_regs/CNT_WIDTH_STATUS[1].cnt_width_reg /\I_EN_STAT_EQ1.U_STAT/xsdb_reg_reg[4] )
INFO: [Synth 8-3333] propagating constant 1 across sequential element (system_ila_1/inst/ila_lib/inst/ila_core_inst/\u_ila_regs/CNT_WIDTH_STATUS[2].cnt_width_reg /\I_EN_STAT_EQ1.U_STAT/xsdb_reg_reg[4] )
INFO: [Synth 8-3333] propagating constant 1 across sequential element (system_ila_1/inst/ila_lib/inst/ila_core_inst/\u_ila_regs/CNT_WIDTH_STATUS[3].cnt_width_reg /\I_EN_STAT_EQ1.U_STAT/xsdb_reg_reg[4] )
INFO: [Synth 8-3333] propagating constant 1 across sequential element (system_ila_1/inst/ila_lib/inst/ila_core_inst/\u_ila_regs/N_DDR_MODE_MU1.MU_STATUS[25].mu_tpid_reg /\I_EN_STAT_EQ1.U_STAT/xsdb_reg_reg[4] )
INFO: [Synth 8-3333] propagating constant 1 across sequential element (system_ila_1/inst/ila_lib/inst/ila_core_inst/\u_ila_regs/N_DDR_MODE_MU1.MU_STATUS[24].mu_tpid_reg /\I_EN_STAT_EQ1.U_STAT/xsdb_reg_reg[4] )
INFO: [Synth 8-3333] propagating constant 1 across sequential element (system_ila_1/inst/ila_lib/inst/ila_core_inst/\u_ila_regs/N_DDR_MODE_MU1.MU_STATUS[23].mu_tpid_reg /\I_EN_STAT_EQ1.U_STAT/xsdb_reg_reg[4] )
INFO: [Synth 8-3333] propagating constant 1 across sequential element (system_ila_1/inst/ila_lib/inst/ila_core_inst/\u_ila_regs/N_DDR_MODE_MU1.MU_STATUS[22].mu_tpid_reg /\I_EN_STAT_EQ1.U_STAT/xsdb_reg_reg[4] )
INFO: [Synth 8-3333] propagating constant 1 across sequential element (system_ila_1/inst/ila_lib/inst/ila_core_inst/\u_ila_regs/N_DDR_MODE_MU1.MU_STATUS[21].mu_tpid_reg /\I_EN_STAT_EQ1.U_STAT/xsdb_reg_reg[4] )
INFO: [Synth 8-3333] propagating constant 1 across sequential element (system_ila_1/inst/ila_lib/inst/ila_core_inst/\u_ila_regs/N_DDR_MODE_MU1.MU_STATUS[20].mu_tpid_reg /\I_EN_STAT_EQ1.U_STAT/xsdb_reg_reg[4] )
INFO: [Synth 8-3333] propagating constant 1 across sequential element (system_ila_1/inst/ila_lib/inst/ila_core_inst/\u_ila_regs/N_DDR_MODE_MU1.MU_STATUS[19].mu_tpid_reg /\I_EN_STAT_EQ1.U_STAT/xsdb_reg_reg[4] )
INFO: [Synth 8-3333] propagating constant 1 across sequential element (system_ila_1/inst/ila_lib/inst/ila_core_inst/\u_ila_regs/N_DDR_MODE_MU1.MU_STATUS[18].mu_tpid_reg /\I_EN_STAT_EQ1.U_STAT/xsdb_reg_reg[4] )
INFO: [Synth 8-3333] propagating constant 1 across sequential element (system_ila_1/inst/ila_lib/inst/ila_core_inst/\u_ila_regs/N_DDR_MODE_MU1.MU_STATUS[17].mu_tpid_reg /\I_EN_STAT_EQ1.U_STAT/xsdb_reg_reg[4] )
INFO: [Synth 8-3333] propagating constant 1 across sequential element (system_ila_1/inst/ila_lib/inst/ila_core_inst/\u_ila_regs/N_DDR_MODE_MU1.MU_STATUS[16].mu_tpid_reg /\I_EN_STAT_EQ1.U_STAT/xsdb_reg_reg[4] )
INFO: [Synth 8-3333] propagating constant 1 across sequential element (system_ila_1/inst/ila_lib/inst/ila_core_inst/\u_ila_regs/reg_3 /\I_EN_STAT_EQ1.U_STAT/xsdb_reg_reg[4] )
INFO: [Synth 8-3333] propagating constant 1 across sequential element (system_ila_1/inst/ila_lib/inst/ila_core_inst/\u_ila_regs/N_DDR_MODE.PROBE_STATUS[14].probe_width_reg /\I_EN_STAT_EQ1.U_STAT/xsdb_reg_reg[5] )
INFO: [Synth 8-3333] propagating constant 1 across sequential element (system_ila_1/inst/ila_lib/inst/ila_core_inst/\u_ila_regs/N_DDR_MODE.PROBE_STATUS[12].probe_width_reg /\I_EN_STAT_EQ1.U_STAT/xsdb_reg_reg[5] )
INFO: [Synth 8-3333] propagating constant 1 across sequential element (system_ila_1/inst/ila_lib/inst/ila_core_inst/\u_ila_regs/N_DDR_MODE.PROBE_STATUS[7].probe_width_reg /\I_EN_STAT_EQ1.U_STAT/xsdb_reg_reg[5] )
INFO: [Synth 8-3333] propagating constant 1 across sequential element (system_ila_1/inst/ila_lib/inst/ila_core_inst/\u_ila_regs/N_DDR_MODE.PROBE_STATUS[0].probe_width_reg /\I_EN_STAT_EQ1.U_STAT/xsdb_reg_reg[5] )
INFO: [Synth 8-3333] propagating constant 1 across sequential element (system_ila_1/inst/ila_lib/inst/ila_core_inst/\u_ila_regs/N_DDR_MODE.PROBE_STATUS[4].probe_width_reg /\I_EN_STAT_EQ1.U_STAT/xsdb_reg_reg[5] )
INFO: [Synth 8-3333] propagating constant 1 across sequential element (system_ila_1/inst/ila_lib/inst/ila_core_inst/\u_ila_regs/N_DDR_MODE.PROBE_STATUS[1].probe_width_reg /\I_EN_STAT_EQ1.U_STAT/xsdb_reg_reg[5] )
INFO: [Synth 8-3333] propagating constant 1 across sequential element (system_ila_1/inst/ila_lib/inst/ila_core_inst/\u_ila_regs/reg_4 /\I_EN_STAT_EQ1.U_STAT/xsdb_reg_reg[5] )
INFO: [Synth 8-3333] propagating constant 1 across sequential element (system_ila_1/inst/ila_lib/inst/ila_core_inst/\u_ila_regs/N_DDR_MODE.PROBE_STATUS[21].probe_width_reg /\I_EN_STAT_EQ1.U_STAT/xsdb_reg_reg[6] )
INFO: [Synth 8-3333] propagating constant 1 across sequential element (system_ila_1/inst/ila_lib/inst/ila_core_inst/\u_ila_regs/N_DDR_MODE.PROBE_STATUS[2].probe_width_reg /\I_EN_STAT_EQ1.U_STAT/xsdb_reg_reg[6] )
INFO: [Synth 8-3333] propagating constant 1 across sequential element (system_ila_1/inst/ila_lib/inst/ila_core_inst/\u_ila_regs/slaveRegDo_ff8_reg[8] )
INFO: [Synth 8-3333] propagating constant 1 across sequential element (system_ila_1/inst/ila_lib/inst/ila_core_inst/\u_ila_regs/reg_0 /\I_EN_STAT_EQ1.U_STAT/xsdb_reg_reg[8] )
INFO: [Synth 8-3333] propagating constant 1 across sequential element (system_ila_1/inst/ila_lib/inst/ila_core_inst/\u_ila_regs/reg_1 /\I_EN_STAT_EQ1.U_STAT/xsdb_reg_reg[13] )
INFO: [Synth 8-3333] propagating constant 0 across sequential element (system_ila_1/inst/ila_lib/inst/ila_core_inst/\u_ila_regs/slaveRegDo_ff8_reg[15] )
INFO: [Synth 8-3333] propagating constant 0 across sequential element (system_ila_1/inst/ila_lib/inst/ila_core_inst/\u_ila_regs/slaveRegDo_ff7_reg[15] )
INFO: [Synth 8-3333] propagating constant 0 across sequential element (system_ila_1/inst/ila_lib/inst/ila_core_inst/\u_ila_regs/CNT_WIDTH_STATUS[0].cnt_width_reg /\I_EN_STAT_EQ1.U_STAT/xsdb_reg_reg[15] )
INFO: [Common 17-14] Message 'Synth 8-3333' appears 100 times and further instances of the messages will be disabled. Use the Tcl command set_msg_config to change the current settings.
INFO: [Common 17-14] Message 'Synth 8-3333' appears 100 times and further instances of the messages will be disabled. Use the Tcl command set_msg_config to change the current settings.
---------------------------------------------------------------------------------
Finished Cross Boundary and Area Optimization : Time (s): cpu = 00:01:05 ; elapsed = 00:01:37 . Memory (MB): peak = 3374.789 ; gain = 1547.156 ; free physical = 36557 ; free virtual = 51378
---------------------------------------------------------------------------------
 Sort Area is design_1__GC0 inst/u_ctrl/pending_mult_by_bram_doutb0_3 : 0 0 : 3101 5927 : Used 1 time 0
 Sort Area is design_1__GC0 inst/u_ctrl/pending_mult_by_bram_doutb0_3 : 0 1 : 2826 5927 : Used 1 time 0
 Sort Area is design_1__GC0 inst/u_ctrl/pending_mult_by_bram_doutb0_0 : 0 0 : 2759 5466 : Used 1 time 0
 Sort Area is design_1__GC0 inst/u_ctrl/pending_mult_by_bram_doutb0_0 : 0 1 : 2707 5466 : Used 1 time 0
---------------------------------------------------------------------------------
Start Stitch Unchanged AreaOpt Partitions
---------------------------------------------------------------------------------
---------------------------------------------------------------------------------
Finished Stitch Unchanged AreaOpt Partitions : Time (s): cpu = 00:01:30 ; elapsed = 00:01:43 . Memory (MB): peak = 3374.789 ; gain = 1547.156 ; free physical = 37436 ; free virtual = 52264
---------------------------------------------------------------------------------
---------------------------------------------------------------------------------
Start Applying XDC Timing Constraints
---------------------------------------------------------------------------------
INFO: [Synth 8-5578] Moved timing constraint from pin 'design_1_xdma_0_0_pcie2_to_pcie3_wrapper_i/design_1_xdma_0_0_axi_stream_intf_i/design_1_xdma_0_0_rx_demux_i/tgt_brdg_fifo_inst/U0/inst_fifo_gen/gaxis_fifo.gaxisf.axisf/grf.rf/rstblk/ngwrdrst.grst.g7serrst.gnsckt_wrst.rst_wr_reg2_inst/src_arst' to pin 'design_1_xdma_0_0_pcie2_to_pcie3_wrapper_i/design_1_xdma_0_0_axi_stream_intf_i/design_1_xdma_0_0_rx_demux_i/tgt_brdg_fifo_inst/U0/inst_fifo_gen/inverted_reset_inferred/i_0/O'
INFO: [Synth 8-5819] Moved 1 constraints on hierarchical pins to their respective driving/loading pins
---------------------------------------------------------------------------------
Finished Applying XDC Timing Constraints : Time (s): cpu = 00:01:37 ; elapsed = 00:01:50 . Memory (MB): peak = 3374.789 ; gain = 1547.156 ; free physical = 36951 ; free virtual = 51885
---------------------------------------------------------------------------------
---------------------------------------------------------------------------------
Start Timing Optimization
---------------------------------------------------------------------------------
---------------------------------------------------------------------------------
Finished Timing Optimization : Time (s): cpu = 00:01:38 ; elapsed = 00:01:52 . Memory (MB): peak = 3374.789 ; gain = 1547.156 ; free physical = 36934 ; free virtual = 51869
---------------------------------------------------------------------------------
---------------------------------------------------------------------------------
Start Technology Mapping
---------------------------------------------------------------------------------
WARNING: [Synth 8-207] constrained pin 'design_1_i/xdma_0/inst/i_0/design_1_xdma_0_0_pcie2_to_pcie3_wrapper_i/pcie2_ip_i/inst/inst/gt_top_i/pipe_wrapper_i/pipe_clock_int.pipe_clock_i/mmcm_i/CLKFBOUT'  not found
WARNING: [Synth 8-207] constrained pin 'design_1_i/xdma_0/inst/i_0/design_1_xdma_0_0_pcie2_to_pcie3_wrapper_i/pcie2_ip_i/inst/inst/gt_top_i/pipe_wrapper_i/pipe_clock_int.pipe_clock_i/mmcm_i/CLKOUT0'  not found
WARNING: [Synth 8-207] constrained pin 'design_1_i/xdma_0/inst/i_0/design_1_xdma_0_0_pcie2_to_pcie3_wrapper_i/pcie2_ip_i/inst/inst/gt_top_i/pipe_wrapper_i/pipe_clock_int.pipe_clock_i/mmcm_i/CLKOUT1'  not found
WARNING: [Synth 8-207] constrained pin 'design_1_i/xdma_0/inst/i_0/design_1_xdma_0_0_pcie2_to_pcie3_wrapper_i/pcie2_ip_i/inst/inst/gt_top_i/pipe_wrapper_i/pipe_clock_int.pipe_clock_i/mmcm_i/CLKOUT2'  not found
WARNING: [Synth 8-207] constrained pin 'design_1_i/xdma_0/inst/i_0/design_1_xdma_0_0_pcie2_to_pcie3_wrapper_i/pcie2_ip_i/inst/inst/gt_top_i/pipe_wrapper_i/pipe_clock_int.pipe_clock_i/pclk_i1_bufgctrl.pclk_i1/O'  not found
WARNING: [Synth 8-207] constrained pin 'design_1_i/xdma_0/inst/i_0/design_1_xdma_0_0_pcie2_to_pcie3_wrapper_i/pcie2_ip_i/inst/inst/gt_top_i/pipe_wrapper_i/pipe_clock_int.pipe_clock_i/pclk_i1_bufgctrl.pclk_i1/O'  not found
---------------------------------------------------------------------------------
Finished Technology Mapping : Time (s): cpu = 00:01:39 ; elapsed = 00:02:01 . Memory (MB): peak = 3382.793 ; gain = 1555.160 ; free physical = 36545 ; free virtual = 51506
---------------------------------------------------------------------------------
---------------------------------------------------------------------------------
Start Stitch Unchanged Partitions
---------------------------------------------------------------------------------
---------------------------------------------------------------------------------
Finished Stitch Unchanged Partitions : Time (s): cpu = 00:01:39 ; elapsed = 00:02:02 . Memory (MB): peak = 3382.793 ; gain = 1555.160 ; free physical = 36548 ; free virtual = 51509
---------------------------------------------------------------------------------
---------------------------------------------------------------------------------
Start IO Insertion
---------------------------------------------------------------------------------
---------------------------------------------------------------------------------
Start Flattening Before IO Insertion
---------------------------------------------------------------------------------
---------------------------------------------------------------------------------
Finished Flattening Before IO Insertion
---------------------------------------------------------------------------------
---------------------------------------------------------------------------------
Start Final Netlist Cleanup
---------------------------------------------------------------------------------
INFO: [Synth 8-7052] The timing for the instance design_1_i/xdma_0/inst/udma_wrapper/dma_top/dma_enable.vul_dma/WR/gen_rdwr_loop[0].gen_rdwr_eng.RDWR_INST/rrq_wadr_nn1_reg (implemented as a Block RAM) might be sub-optimal as no optional output register could be merged into the ram block. Providing additional output register may help in improving timing.
INFO: [Synth 8-7052] The timing for the instance design_1_i/xdma_0/inst/udma_wrapper/dma_top/dma_enable.vul_dma/WR/gen_rdwr_loop[0].gen_rdwr_eng.RDWR_INST/rrq_dadr_nn1_reg (implemented as a Block RAM) might be sub-optimal as no optional output register could be merged into the ram block. Providing additional output register may help in improving timing.
INFO: [Synth 8-7052] The timing for the instance design_1_i/xdma_0/inst/udma_wrapper/dma_top/dma_enable.vul_dma/RD/gen_rdwr_loop[0].gen_rdwr_eng.RDWR_INST/rrq_wadr_nn1_reg (implemented as a Block RAM) might be sub-optimal as no optional output register could be merged into the ram block. Providing additional output register may help in improving timing.
INFO: [Synth 8-7052] The timing for the instance design_1_i/xdma_0/inst/udma_wrapper/dma_top/base/IRQ_INST/msix_internal_xdma.pf0_msix_table/msix_ram_gen[1].msix_ram_reg (implemented as a Block RAM) might be sub-optimal as no optional output register could be merged into the ram block. Providing additional output register may help in improving timing.
INFO: [Synth 8-7052] The timing for the instance design_1_i/xdma_0/inst/ram_top/mas_bridge_ram_write_512.MASTER_WRITE_FIFO/xpm_memory_sdpram_inst_loop[0].xpm_memory_sdpram_inst/xpm_memory_base_inst/gen_wr_a.gen_word_narrow.mem_reg (implemented as a Block RAM) might be sub-optimal as no optional output register could be merged into the ram block. Providing additional output register may help in improving timing.
INFO: [Synth 8-7052] The timing for the instance design_1_i/xdma_0/inst/ram_top/MASTER_READ_BRAM/xpm_memory_sdpram_inst_loop[0].xpm_memory_sdpram_inst/xpm_memory_base_inst/gen_wr_a.gen_word_narrow.mem_reg (implemented as a Block RAM) might be sub-optimal as no optional output register could be merged into the ram block. Providing additional output register may help in improving timing.
---------------------------------------------------------------------------------
Finished Final Netlist Cleanup
---------------------------------------------------------------------------------
WARNING: [Synth 8-5396] Clock pin C has keep related attribute (keep/mark_debug/dont_touch) which could create extra logic on its net [/home/kokunev/data/git_root/alinx/alinx_streamer_1/alinx_pcie_axi_1/alinx_pcie_axi_1.gen/sources_1/bd/design_1/ip/design_1_system_ila_1_0/bd_0/ip/ip_0/synth/bd_365d_ila_lib_0.v:12676]
WARNING: [Synth 8-5396] Clock pin C has keep related attribute (keep/mark_debug/dont_touch) which could create extra logic on its net [/home/kokunev/data/git_root/alinx/alinx_streamer_1/alinx_pcie_axi_1/alinx_pcie_axi_1.gen/sources_1/bd/design_1/ip/design_1_system_ila_1_0/bd_0/ip/ip_0/synth/bd_365d_ila_lib_0.v:12671]
WARNING: [Synth 8-5396] Clock pin C has keep related attribute (keep/mark_debug/dont_touch) which could create extra logic on its net [/home/kokunev/data/git_root/alinx/alinx_streamer_1/alinx_pcie_axi_1/alinx_pcie_axi_1.gen/sources_1/bd/design_1/ip/design_1_system_ila_1_0/bd_0/ip/ip_0/synth/bd_365d_ila_lib_0.v:12669]
WARNING: [Synth 8-5396] Clock pin C has keep related attribute (keep/mark_debug/dont_touch) which could create extra logic on its net [/home/kokunev/data/git_root/alinx/alinx_streamer_1/alinx_pcie_axi_1/alinx_pcie_axi_1.gen/sources_1/bd/design_1/ip/design_1_system_ila_1_0/bd_0/ip/ip_0/synth/bd_365d_ila_lib_0.v:1837]
WARNING: [Synth 8-5396] Clock pin CLK has keep related attribute (keep/mark_debug/dont_touch) which could create extra logic on its net [/home/kokunev/data/git_root/alinx/alinx_streamer_1/alinx_pcie_axi_1/alinx_pcie_axi_1.gen/sources_1/bd/design_1/ip/design_1_system_ila_1_0/bd_0/ip/ip_0/synth/bd_365d_ila_lib_0.v:1837]
WARNING: [Synth 8-5396] Clock pin C has keep related attribute (keep/mark_debug/dont_touch) which could create extra logic on its net [/home/kokunev/data/git_root/alinx/alinx_streamer_1/alinx_pcie_axi_1/alinx_pcie_axi_1.gen/sources_1/bd/design_1/ip/design_1_system_ila_1_0/bd_0/ip/ip_0/synth/bd_365d_ila_lib_0.v:1837]
WARNING: [Synth 8-5396] Clock pin CLK has keep related attribute (keep/mark_debug/dont_touch) which could create extra logic on its net [/home/kokunev/data/git_root/alinx/alinx_streamer_1/alinx_pcie_axi_1/alinx_pcie_axi_1.gen/sources_1/bd/design_1/ip/design_1_system_ila_1_0/bd_0/ip/ip_0/synth/bd_365d_ila_lib_0.v:1837]
WARNING: [Synth 8-5396] Clock pin C has keep related attribute (keep/mark_debug/dont_touch) which could create extra logic on its net [/home/kokunev/data/git_root/alinx/alinx_streamer_1/alinx_pcie_axi_1/alinx_pcie_axi_1.gen/sources_1/bd/design_1/ip/design_1_system_ila_1_0/bd_0/ip/ip_0/synth/bd_365d_ila_lib_0.v:1837]
WARNING: [Synth 8-5396] Clock pin CLK has keep related attribute (keep/mark_debug/dont_touch) which could create extra logic on its net [/home/kokunev/data/git_root/alinx/alinx_streamer_1/alinx_pcie_axi_1/alinx_pcie_axi_1.gen/sources_1/bd/design_1/ip/design_1_system_ila_1_0/bd_0/ip/ip_0/synth/bd_365d_ila_lib_0.v:1837]
WARNING: [Synth 8-5396] Clock pin C has keep related attribute (keep/mark_debug/dont_touch) which could create extra logic on its net [/home/kokunev/data/git_root/alinx/alinx_streamer_1/alinx_pcie_axi_1/alinx_pcie_axi_1.gen/sources_1/bd/design_1/ip/design_1_system_ila_1_0/bd_0/ip/ip_0/synth/bd_365d_ila_lib_0.v:1837]
WARNING: [Synth 8-5396] Clock pin CLK has keep related attribute (keep/mark_debug/dont_touch) which could create extra logic on its net [/home/kokunev/data/git_root/alinx/alinx_streamer_1/alinx_pcie_axi_1/alinx_pcie_axi_1.gen/sources_1/bd/design_1/ip/design_1_system_ila_1_0/bd_0/ip/ip_0/synth/bd_365d_ila_lib_0.v:1837]
WARNING: [Synth 8-5396] Clock pin C has keep related attribute (keep/mark_debug/dont_touch) which could create extra logic on its net [/home/kokunev/data/git_root/alinx/alinx_streamer_1/alinx_pcie_axi_1/alinx_pcie_axi_1.gen/sources_1/bd/design_1/ip/design_1_system_ila_1_0/bd_0/ip/ip_0/synth/bd_365d_ila_lib_0.v:1837]
WARNING: [Synth 8-5396] Clock pin CLK has keep related attribute (keep/mark_debug/dont_touch) which could create extra logic on its net [/home/kokunev/data/git_root/alinx/alinx_streamer_1/alinx_pcie_axi_1/alinx_pcie_axi_1.gen/sources_1/bd/design_1/ip/design_1_system_ila_1_0/bd_0/ip/ip_0/synth/bd_365d_ila_lib_0.v:1837]
WARNING: [Synth 8-5396] Clock pin C has keep related attribute (keep/mark_debug/dont_touch) which could create extra logic on its net [/home/kokunev/data/git_root/alinx/alinx_streamer_1/alinx_pcie_axi_1/alinx_pcie_axi_1.gen/sources_1/bd/design_1/ip/design_1_system_ila_1_0/bd_0/ip/ip_0/synth/bd_365d_ila_lib_0.v:1837]
WARNING: [Synth 8-5396] Clock pin CLK has keep related attribute (keep/mark_debug/dont_touch) which could create extra logic on its net [/home/kokunev/data/git_root/alinx/alinx_streamer_1/alinx_pcie_axi_1/alinx_pcie_axi_1.gen/sources_1/bd/design_1/ip/design_1_system_ila_1_0/bd_0/ip/ip_0/synth/bd_365d_ila_lib_0.v:1837]
WARNING: [Synth 8-5396] Clock pin C has keep related attribute (keep/mark_debug/dont_touch) which could create extra logic on its net [/home/kokunev/data/git_root/alinx/alinx_streamer_1/alinx_pcie_axi_1/alinx_pcie_axi_1.gen/sources_1/bd/design_1/ip/design_1_system_ila_1_0/bd_0/ip/ip_0/synth/bd_365d_ila_lib_0.v:1837]
WARNING: [Synth 8-5396] Clock pin CLK has keep related attribute (keep/mark_debug/dont_touch) which could create extra logic on its net [/home/kokunev/data/git_root/alinx/alinx_streamer_1/alinx_pcie_axi_1/alinx_pcie_axi_1.gen/sources_1/bd/design_1/ip/design_1_system_ila_1_0/bd_0/ip/ip_0/synth/bd_365d_ila_lib_0.v:1837]
WARNING: [Synth 8-5396] Clock pin C has keep related attribute (keep/mark_debug/dont_touch) which could create extra logic on its net [/home/kokunev/data/git_root/alinx/alinx_streamer_1/alinx_pcie_axi_1/alinx_pcie_axi_1.gen/sources_1/bd/design_1/ip/design_1_system_ila_1_0/bd_0/ip/ip_0/synth/bd_365d_ila_lib_0.v:1837]
WARNING: [Synth 8-5396] Clock pin CLK has keep related attribute (keep/mark_debug/dont_touch) which could create extra logic on its net [/home/kokunev/data/git_root/alinx/alinx_streamer_1/alinx_pcie_axi_1/alinx_pcie_axi_1.gen/sources_1/bd/design_1/ip/design_1_system_ila_1_0/bd_0/ip/ip_0/synth/bd_365d_ila_lib_0.v:1837]
WARNING: [Synth 8-5396] Clock pin C has keep related attribute (keep/mark_debug/dont_touch) which could create extra logic on its net [/home/kokunev/data/git_root/alinx/alinx_streamer_1/alinx_pcie_axi_1/alinx_pcie_axi_1.gen/sources_1/bd/design_1/ip/design_1_system_ila_1_0/bd_0/ip/ip_0/synth/bd_365d_ila_lib_0.v:1837]
WARNING: [Synth 8-5396] Clock pin CLK has keep related attribute (keep/mark_debug/dont_touch) which could create extra logic on its net [/home/kokunev/data/git_root/alinx/alinx_streamer_1/alinx_pcie_axi_1/alinx_pcie_axi_1.gen/sources_1/bd/design_1/ip/design_1_system_ila_1_0/bd_0/ip/ip_0/synth/bd_365d_ila_lib_0.v:1837]
WARNING: [Synth 8-5396] Clock pin C has keep related attribute (keep/mark_debug/dont_touch) which could create extra logic on its net [/home/kokunev/data/git_root/alinx/alinx_streamer_1/alinx_pcie_axi_1/alinx_pcie_axi_1.gen/sources_1/bd/design_1/ip/design_1_system_ila_1_0/bd_0/ip/ip_0/synth/bd_365d_ila_lib_0.v:1837]
WARNING: [Synth 8-5396] Clock pin CLK has keep related attribute (keep/mark_debug/dont_touch) which could create extra logic on its net [/home/kokunev/data/git_root/alinx/alinx_streamer_1/alinx_pcie_axi_1/alinx_pcie_axi_1.gen/sources_1/bd/design_1/ip/design_1_system_ila_1_0/bd_0/ip/ip_0/synth/bd_365d_ila_lib_0.v:1837]
WARNING: [Synth 8-5396] Clock pin C has keep related attribute (keep/mark_debug/dont_touch) which could create extra logic on its net [/home/kokunev/data/git_root/alinx/alinx_streamer_1/alinx_pcie_axi_1/alinx_pcie_axi_1.gen/sources_1/bd/design_1/ip/design_1_system_ila_1_0/bd_0/ip/ip_0/synth/bd_365d_ila_lib_0.v:1837]
WARNING: [Synth 8-5396] Clock pin CLK has keep related attribute (keep/mark_debug/dont_touch) which could create extra logic on its net [/home/kokunev/data/git_root/alinx/alinx_streamer_1/alinx_pcie_axi_1/alinx_pcie_axi_1.gen/sources_1/bd/design_1/ip/design_1_system_ila_1_0/bd_0/ip/ip_0/synth/bd_365d_ila_lib_0.v:1837]
WARNING: [Synth 8-5396] Clock pin C has keep related attribute (keep/mark_debug/dont_touch) which could create extra logic on its net [/home/kokunev/data/git_root/alinx/alinx_streamer_1/alinx_pcie_axi_1/alinx_pcie_axi_1.gen/sources_1/bd/design_1/ip/design_1_system_ila_1_0/bd_0/ip/ip_0/synth/bd_365d_ila_lib_0.v:1837]
WARNING: [Synth 8-5396] Clock pin CLK has keep related attribute (keep/mark_debug/dont_touch) which could create extra logic on its net [/home/kokunev/data/git_root/alinx/alinx_streamer_1/alinx_pcie_axi_1/alinx_pcie_axi_1.gen/sources_1/bd/design_1/ip/design_1_system_ila_1_0/bd_0/ip/ip_0/synth/bd_365d_ila_lib_0.v:1837]
WARNING: [Synth 8-5396] Clock pin C has keep related attribute (keep/mark_debug/dont_touch) which could create extra logic on its net [/home/kokunev/data/git_root/alinx/alinx_streamer_1/alinx_pcie_axi_1/alinx_pcie_axi_1.gen/sources_1/bd/design_1/ip/design_1_system_ila_1_0/bd_0/ip/ip_0/synth/bd_365d_ila_lib_0.v:1837]
WARNING: [Synth 8-5396] Clock pin CLK has keep related attribute (keep/mark_debug/dont_touch) which could create extra logic on its net [/home/kokunev/data/git_root/alinx/alinx_streamer_1/alinx_pcie_axi_1/alinx_pcie_axi_1.gen/sources_1/bd/design_1/ip/design_1_system_ila_1_0/bd_0/ip/ip_0/synth/bd_365d_ila_lib_0.v:1837]
WARNING: [Synth 8-5396] Clock pin C has keep related attribute (keep/mark_debug/dont_touch) which could create extra logic on its net [/home/kokunev/data/git_root/alinx/alinx_streamer_1/alinx_pcie_axi_1/alinx_pcie_axi_1.gen/sources_1/bd/design_1/ip/design_1_system_ila_1_0/bd_0/ip/ip_0/synth/bd_365d_ila_lib_0.v:1837]
WARNING: [Synth 8-5396] Clock pin CLK has keep related attribute (keep/mark_debug/dont_touch) which could create extra logic on its net [/home/kokunev/data/git_root/alinx/alinx_streamer_1/alinx_pcie_axi_1/alinx_pcie_axi_1.gen/sources_1/bd/design_1/ip/design_1_system_ila_1_0/bd_0/ip/ip_0/synth/bd_365d_ila_lib_0.v:1837]
WARNING: [Synth 8-5396] Clock pin C has keep related attribute (keep/mark_debug/dont_touch) which could create extra logic on its net [/home/kokunev/data/git_root/alinx/alinx_streamer_1/alinx_pcie_axi_1/alinx_pcie_axi_1.gen/sources_1/bd/design_1/ip/design_1_system_ila_1_0/bd_0/ip/ip_0/synth/bd_365d_ila_lib_0.v:1837]
WARNING: [Synth 8-5396] Clock pin CLK has keep related attribute (keep/mark_debug/dont_touch) which could create extra logic on its net [/home/kokunev/data/git_root/alinx/alinx_streamer_1/alinx_pcie_axi_1/alinx_pcie_axi_1.gen/sources_1/bd/design_1/ip/design_1_system_ila_1_0/bd_0/ip/ip_0/synth/bd_365d_ila_lib_0.v:1837]
WARNING: [Synth 8-5396] Clock pin C has keep related attribute (keep/mark_debug/dont_touch) which could create extra logic on its net [/home/kokunev/data/git_root/alinx/alinx_streamer_1/alinx_pcie_axi_1/alinx_pcie_axi_1.gen/sources_1/bd/design_1/ip/design_1_system_ila_1_0/bd_0/ip/ip_0/synth/bd_365d_ila_lib_0.v:1837]
WARNING: [Synth 8-5396] Clock pin CLK has keep related attribute (keep/mark_debug/dont_touch) which could create extra logic on its net [/home/kokunev/data/git_root/alinx/alinx_streamer_1/alinx_pcie_axi_1/alinx_pcie_axi_1.gen/sources_1/bd/design_1/ip/design_1_system_ila_1_0/bd_0/ip/ip_0/synth/bd_365d_ila_lib_0.v:1837]
WARNING: [Synth 8-5396] Clock pin C has keep related attribute (keep/mark_debug/dont_touch) which could create extra logic on its net [/home/kokunev/data/git_root/alinx/alinx_streamer_1/alinx_pcie_axi_1/alinx_pcie_axi_1.gen/sources_1/bd/design_1/ip/design_1_system_ila_1_0/bd_0/ip/ip_0/synth/bd_365d_ila_lib_0.v:1837]
WARNING: [Synth 8-5396] Clock pin CLK has keep related attribute (keep/mark_debug/dont_touch) which could create extra logic on its net [/home/kokunev/data/git_root/alinx/alinx_streamer_1/alinx_pcie_axi_1/alinx_pcie_axi_1.gen/sources_1/bd/design_1/ip/design_1_system_ila_1_0/bd_0/ip/ip_0/synth/bd_365d_ila_lib_0.v:1837]
WARNING: [Synth 8-5396] Clock pin C has keep related attribute (keep/mark_debug/dont_touch) which could create extra logic on its net [/home/kokunev/data/git_root/alinx/alinx_streamer_1/alinx_pcie_axi_1/alinx_pcie_axi_1.gen/sources_1/bd/design_1/ip/design_1_system_ila_1_0/bd_0/ip/ip_0/synth/bd_365d_ila_lib_0.v:1837]
WARNING: [Synth 8-5396] Clock pin CLK has keep related attribute (keep/mark_debug/dont_touch) which could create extra logic on its net [/home/kokunev/data/git_root/alinx/alinx_streamer_1/alinx_pcie_axi_1/alinx_pcie_axi_1.gen/sources_1/bd/design_1/ip/design_1_system_ila_1_0/bd_0/ip/ip_0/synth/bd_365d_ila_lib_0.v:1837]
WARNING: [Synth 8-5396] Clock pin C has keep related attribute (keep/mark_debug/dont_touch) which could create extra logic on its net [/home/kokunev/data/git_root/alinx/alinx_streamer_1/alinx_pcie_axi_1/alinx_pcie_axi_1.gen/sources_1/bd/design_1/ip/design_1_system_ila_1_0/bd_0/ip/ip_0/synth/bd_365d_ila_lib_0.v:1837]
WARNING: [Synth 8-5396] Clock pin CLK has keep related attribute (keep/mark_debug/dont_touch) which could create extra logic on its net [/home/kokunev/data/git_root/alinx/alinx_streamer_1/alinx_pcie_axi_1/alinx_pcie_axi_1.gen/sources_1/bd/design_1/ip/design_1_system_ila_1_0/bd_0/ip/ip_0/synth/bd_365d_ila_lib_0.v:1837]
WARNING: [Synth 8-5396] Clock pin C has keep related attribute (keep/mark_debug/dont_touch) which could create extra logic on its net [/home/kokunev/data/git_root/alinx/alinx_streamer_1/alinx_pcie_axi_1/alinx_pcie_axi_1.gen/sources_1/bd/design_1/ip/design_1_system_ila_1_0/bd_0/ip/ip_0/synth/bd_365d_ila_lib_0.v:1837]
WARNING: [Synth 8-5396] Clock pin CLK has keep related attribute (keep/mark_debug/dont_touch) which could create extra logic on its net [/home/kokunev/data/git_root/alinx/alinx_streamer_1/alinx_pcie_axi_1/alinx_pcie_axi_1.gen/sources_1/bd/design_1/ip/design_1_system_ila_1_0/bd_0/ip/ip_0/synth/bd_365d_ila_lib_0.v:1837]
WARNING: [Synth 8-5396] Clock pin C has keep related attribute (keep/mark_debug/dont_touch) which could create extra logic on its net [/home/kokunev/data/git_root/alinx/alinx_streamer_1/alinx_pcie_axi_1/alinx_pcie_axi_1.gen/sources_1/bd/design_1/ip/design_1_system_ila_1_0/bd_0/ip/ip_0/synth/bd_365d_ila_lib_0.v:1837]
WARNING: [Synth 8-5396] Clock pin CLK has keep related attribute (keep/mark_debug/dont_touch) which could create extra logic on its net [/home/kokunev/data/git_root/alinx/alinx_streamer_1/alinx_pcie_axi_1/alinx_pcie_axi_1.gen/sources_1/bd/design_1/ip/design_1_system_ila_1_0/bd_0/ip/ip_0/synth/bd_365d_ila_lib_0.v:1837]
WARNING: [Synth 8-5396] Clock pin C has keep related attribute (keep/mark_debug/dont_touch) which could create extra logic on its net [/home/kokunev/data/git_root/alinx/alinx_streamer_1/alinx_pcie_axi_1/alinx_pcie_axi_1.gen/sources_1/bd/design_1/ip/design_1_system_ila_1_0/bd_0/ip/ip_0/synth/bd_365d_ila_lib_0.v:1837]
WARNING: [Synth 8-5396] Clock pin CLK has keep related attribute (keep/mark_debug/dont_touch) which could create extra logic on its net [/home/kokunev/data/git_root/alinx/alinx_streamer_1/alinx_pcie_axi_1/alinx_pcie_axi_1.gen/sources_1/bd/design_1/ip/design_1_system_ila_1_0/bd_0/ip/ip_0/synth/bd_365d_ila_lib_0.v:1837]
WARNING: [Synth 8-5396] Clock pin C has keep related attribute (keep/mark_debug/dont_touch) which could create extra logic on its net [/home/kokunev/data/git_root/alinx/alinx_streamer_1/alinx_pcie_axi_1/alinx_pcie_axi_1.gen/sources_1/bd/design_1/ip/design_1_system_ila_1_0/bd_0/ip/ip_0/synth/bd_365d_ila_lib_0.v:1837]
WARNING: [Synth 8-5396] Clock pin CLK has keep related attribute (keep/mark_debug/dont_touch) which could create extra logic on its net [/home/kokunev/data/git_root/alinx/alinx_streamer_1/alinx_pcie_axi_1/alinx_pcie_axi_1.gen/sources_1/bd/design_1/ip/design_1_system_ila_1_0/bd_0/ip/ip_0/synth/bd_365d_ila_lib_0.v:1837]
WARNING: [Synth 8-5396] Clock pin C has keep related attribute (keep/mark_debug/dont_touch) which could create extra logic on its net [/home/kokunev/data/git_root/alinx/alinx_streamer_1/alinx_pcie_axi_1/alinx_pcie_axi_1.gen/sources_1/bd/design_1/ip/design_1_system_ila_1_0/bd_0/ip/ip_0/synth/bd_365d_ila_lib_0.v:1837]
WARNING: [Synth 8-5396] Clock pin CLK has keep related attribute (keep/mark_debug/dont_touch) which could create extra logic on its net [/home/kokunev/data/git_root/alinx/alinx_streamer_1/alinx_pcie_axi_1/alinx_pcie_axi_1.gen/sources_1/bd/design_1/ip/design_1_system_ila_1_0/bd_0/ip/ip_0/synth/bd_365d_ila_lib_0.v:1837]
WARNING: [Synth 8-5396] Clock pin C has keep related attribute (keep/mark_debug/dont_touch) which could create extra logic on its net [/home/kokunev/data/git_root/alinx/alinx_streamer_1/alinx_pcie_axi_1/alinx_pcie_axi_1.gen/sources_1/bd/design_1/ip/design_1_system_ila_1_0/bd_0/ip/ip_0/synth/bd_365d_ila_lib_0.v:1837]
WARNING: [Synth 8-5396] Clock pin CLK has keep related attribute (keep/mark_debug/dont_touch) which could create extra logic on its net [/home/kokunev/data/git_root/alinx/alinx_streamer_1/alinx_pcie_axi_1/alinx_pcie_axi_1.gen/sources_1/bd/design_1/ip/design_1_system_ila_1_0/bd_0/ip/ip_0/synth/bd_365d_ila_lib_0.v:1837]
WARNING: [Synth 8-5396] Clock pin C has keep related attribute (keep/mark_debug/dont_touch) which could create extra logic on its net [/home/kokunev/data/git_root/alinx/alinx_streamer_1/alinx_pcie_axi_1/alinx_pcie_axi_1.gen/sources_1/bd/design_1/ip/design_1_system_ila_1_0/bd_0/ip/ip_0/synth/bd_365d_ila_lib_0.v:1837]
WARNING: [Synth 8-5396] Clock pin CLK has keep related attribute (keep/mark_debug/dont_touch) which could create extra logic on its net [/home/kokunev/data/git_root/alinx/alinx_streamer_1/alinx_pcie_axi_1/alinx_pcie_axi_1.gen/sources_1/bd/design_1/ip/design_1_system_ila_1_0/bd_0/ip/ip_0/synth/bd_365d_ila_lib_0.v:1837]
WARNING: [Synth 8-5396] Clock pin C has keep related attribute (keep/mark_debug/dont_touch) which could create extra logic on its net [/home/kokunev/data/git_root/alinx/alinx_streamer_1/alinx_pcie_axi_1/alinx_pcie_axi_1.gen/sources_1/bd/design_1/ip/design_1_system_ila_1_0/bd_0/ip/ip_0/synth/bd_365d_ila_lib_0.v:1837]
WARNING: [Synth 8-5396] Clock pin CLK has keep related attribute (keep/mark_debug/dont_touch) which could create extra logic on its net [/home/kokunev/data/git_root/alinx/alinx_streamer_1/alinx_pcie_axi_1/alinx_pcie_axi_1.gen/sources_1/bd/design_1/ip/design_1_system_ila_1_0/bd_0/ip/ip_0/synth/bd_365d_ila_lib_0.v:1837]
WARNING: [Synth 8-5396] Clock pin C has keep related attribute (keep/mark_debug/dont_touch) which could create extra logic on its net [/home/kokunev/data/git_root/alinx/alinx_streamer_1/alinx_pcie_axi_1/alinx_pcie_axi_1.gen/sources_1/bd/design_1/ip/design_1_system_ila_1_0/bd_0/ip/ip_0/synth/bd_365d_ila_lib_0.v:1837]
WARNING: [Synth 8-5396] Clock pin CLK has keep related attribute (keep/mark_debug/dont_touch) which could create extra logic on its net [/home/kokunev/data/git_root/alinx/alinx_streamer_1/alinx_pcie_axi_1/alinx_pcie_axi_1.gen/sources_1/bd/design_1/ip/design_1_system_ila_1_0/bd_0/ip/ip_0/synth/bd_365d_ila_lib_0.v:1837]
WARNING: [Synth 8-5396] Clock pin C has keep related attribute (keep/mark_debug/dont_touch) which could create extra logic on its net [/home/kokunev/data/git_root/alinx/alinx_streamer_1/alinx_pcie_axi_1/alinx_pcie_axi_1.gen/sources_1/bd/design_1/ip/design_1_system_ila_1_0/bd_0/ip/ip_0/synth/bd_365d_ila_lib_0.v:1837]
WARNING: [Synth 8-5396] Clock pin CLK has keep related attribute (keep/mark_debug/dont_touch) which could create extra logic on its net [/home/kokunev/data/git_root/alinx/alinx_streamer_1/alinx_pcie_axi_1/alinx_pcie_axi_1.gen/sources_1/bd/design_1/ip/design_1_system_ila_1_0/bd_0/ip/ip_0/synth/bd_365d_ila_lib_0.v:1837]
WARNING: [Synth 8-5396] Clock pin C has keep related attribute (keep/mark_debug/dont_touch) which could create extra logic on its net [/home/kokunev/data/git_root/alinx/alinx_streamer_1/alinx_pcie_axi_1/alinx_pcie_axi_1.gen/sources_1/bd/design_1/ip/design_1_system_ila_1_0/bd_0/ip/ip_0/synth/bd_365d_ila_lib_0.v:1837]
WARNING: [Synth 8-5396] Clock pin CLK has keep related attribute (keep/mark_debug/dont_touch) which could create extra logic on its net [/home/kokunev/data/git_root/alinx/alinx_streamer_1/alinx_pcie_axi_1/alinx_pcie_axi_1.gen/sources_1/bd/design_1/ip/design_1_system_ila_1_0/bd_0/ip/ip_0/synth/bd_365d_ila_lib_0.v:1837]
WARNING: [Synth 8-5396] Clock pin C has keep related attribute (keep/mark_debug/dont_touch) which could create extra logic on its net [/home/kokunev/data/git_root/alinx/alinx_streamer_1/alinx_pcie_axi_1/alinx_pcie_axi_1.gen/sources_1/bd/design_1/ip/design_1_system_ila_1_0/bd_0/ip/ip_0/synth/bd_365d_ila_lib_0.v:1837]
WARNING: [Synth 8-5396] Clock pin CLK has keep related attribute (keep/mark_debug/dont_touch) which could create extra logic on its net [/home/kokunev/data/git_root/alinx/alinx_streamer_1/alinx_pcie_axi_1/alinx_pcie_axi_1.gen/sources_1/bd/design_1/ip/design_1_system_ila_1_0/bd_0/ip/ip_0/synth/bd_365d_ila_lib_0.v:1837]
WARNING: [Synth 8-5396] Clock pin C has keep related attribute (keep/mark_debug/dont_touch) which could create extra logic on its net [/home/kokunev/data/git_root/alinx/alinx_streamer_1/alinx_pcie_axi_1/alinx_pcie_axi_1.gen/sources_1/bd/design_1/ip/design_1_system_ila_1_0/bd_0/ip/ip_0/synth/bd_365d_ila_lib_0.v:1837]
WARNING: [Synth 8-5396] Clock pin CLK has keep related attribute (keep/mark_debug/dont_touch) which could create extra logic on its net [/home/kokunev/data/git_root/alinx/alinx_streamer_1/alinx_pcie_axi_1/alinx_pcie_axi_1.gen/sources_1/bd/design_1/ip/design_1_system_ila_1_0/bd_0/ip/ip_0/synth/bd_365d_ila_lib_0.v:1837]
WARNING: [Synth 8-5396] Clock pin C has keep related attribute (keep/mark_debug/dont_touch) which could create extra logic on its net [/home/kokunev/data/git_root/alinx/alinx_streamer_1/alinx_pcie_axi_1/alinx_pcie_axi_1.gen/sources_1/bd/design_1/ip/design_1_system_ila_1_0/bd_0/ip/ip_0/synth/bd_365d_ila_lib_0.v:1837]
WARNING: [Synth 8-5396] Clock pin CLK has keep related attribute (keep/mark_debug/dont_touch) which could create extra logic on its net [/home/kokunev/data/git_root/alinx/alinx_streamer_1/alinx_pcie_axi_1/alinx_pcie_axi_1.gen/sources_1/bd/design_1/ip/design_1_system_ila_1_0/bd_0/ip/ip_0/synth/bd_365d_ila_lib_0.v:1837]
WARNING: [Synth 8-5396] Clock pin C has keep related attribute (keep/mark_debug/dont_touch) which could create extra logic on its net [/home/kokunev/data/git_root/alinx/alinx_streamer_1/alinx_pcie_axi_1/alinx_pcie_axi_1.gen/sources_1/bd/design_1/ip/design_1_system_ila_1_0/bd_0/ip/ip_0/synth/bd_365d_ila_lib_0.v:1837]
WARNING: [Synth 8-5396] Clock pin CLK has keep related attribute (keep/mark_debug/dont_touch) which could create extra logic on its net [/home/kokunev/data/git_root/alinx/alinx_streamer_1/alinx_pcie_axi_1/alinx_pcie_axi_1.gen/sources_1/bd/design_1/ip/design_1_system_ila_1_0/bd_0/ip/ip_0/synth/bd_365d_ila_lib_0.v:1837]
WARNING: [Synth 8-5396] Clock pin C has keep related attribute (keep/mark_debug/dont_touch) which could create extra logic on its net [/home/kokunev/data/git_root/alinx/alinx_streamer_1/alinx_pcie_axi_1/alinx_pcie_axi_1.gen/sources_1/bd/design_1/ip/design_1_system_ila_1_0/bd_0/ip/ip_0/synth/bd_365d_ila_lib_0.v:1837]
WARNING: [Synth 8-5396] Clock pin CLK has keep related attribute (keep/mark_debug/dont_touch) which could create extra logic on its net [/home/kokunev/data/git_root/alinx/alinx_streamer_1/alinx_pcie_axi_1/alinx_pcie_axi_1.gen/sources_1/bd/design_1/ip/design_1_system_ila_1_0/bd_0/ip/ip_0/synth/bd_365d_ila_lib_0.v:1837]
WARNING: [Synth 8-5396] Clock pin C has keep related attribute (keep/mark_debug/dont_touch) which could create extra logic on its net [/home/kokunev/data/git_root/alinx/alinx_streamer_1/alinx_pcie_axi_1/alinx_pcie_axi_1.gen/sources_1/bd/design_1/ip/design_1_system_ila_1_0/bd_0/ip/ip_0/synth/bd_365d_ila_lib_0.v:1837]
WARNING: [Synth 8-5396] Clock pin CLK has keep related attribute (keep/mark_debug/dont_touch) which could create extra logic on its net [/home/kokunev/data/git_root/alinx/alinx_streamer_1/alinx_pcie_axi_1/alinx_pcie_axi_1.gen/sources_1/bd/design_1/ip/design_1_system_ila_1_0/bd_0/ip/ip_0/synth/bd_365d_ila_lib_0.v:1837]
WARNING: [Synth 8-5396] Clock pin C has keep related attribute (keep/mark_debug/dont_touch) which could create extra logic on its net [/home/kokunev/data/git_root/alinx/alinx_streamer_1/alinx_pcie_axi_1/alinx_pcie_axi_1.gen/sources_1/bd/design_1/ip/design_1_system_ila_1_0/bd_0/ip/ip_0/synth/bd_365d_ila_lib_0.v:1837]
WARNING: [Synth 8-5396] Clock pin CLK has keep related attribute (keep/mark_debug/dont_touch) which could create extra logic on its net [/home/kokunev/data/git_root/alinx/alinx_streamer_1/alinx_pcie_axi_1/alinx_pcie_axi_1.gen/sources_1/bd/design_1/ip/design_1_system_ila_1_0/bd_0/ip/ip_0/synth/bd_365d_ila_lib_0.v:1837]
WARNING: [Synth 8-5396] Clock pin C has keep related attribute (keep/mark_debug/dont_touch) which could create extra logic on its net [/home/kokunev/data/git_root/alinx/alinx_streamer_1/alinx_pcie_axi_1/alinx_pcie_axi_1.gen/sources_1/bd/design_1/ip/design_1_system_ila_1_0/bd_0/ip/ip_0/synth/bd_365d_ila_lib_0.v:1837]
WARNING: [Synth 8-5396] Clock pin CLK has keep related attribute (keep/mark_debug/dont_touch) which could create extra logic on its net [/home/kokunev/data/git_root/alinx/alinx_streamer_1/alinx_pcie_axi_1/alinx_pcie_axi_1.gen/sources_1/bd/design_1/ip/design_1_system_ila_1_0/bd_0/ip/ip_0/synth/bd_365d_ila_lib_0.v:1837]
WARNING: [Synth 8-5396] Clock pin C has keep related attribute (keep/mark_debug/dont_touch) which could create extra logic on its net [/home/kokunev/data/git_root/alinx/alinx_streamer_1/alinx_pcie_axi_1/alinx_pcie_axi_1.gen/sources_1/bd/design_1/ip/design_1_system_ila_1_0/bd_0/ip/ip_0/synth/bd_365d_ila_lib_0.v:1837]
WARNING: [Synth 8-5396] Clock pin CLK has keep related attribute (keep/mark_debug/dont_touch) which could create extra logic on its net [/home/kokunev/data/git_root/alinx/alinx_streamer_1/alinx_pcie_axi_1/alinx_pcie_axi_1.gen/sources_1/bd/design_1/ip/design_1_system_ila_1_0/bd_0/ip/ip_0/synth/bd_365d_ila_lib_0.v:1837]
WARNING: [Synth 8-5396] Clock pin C has keep related attribute (keep/mark_debug/dont_touch) which could create extra logic on its net [/home/kokunev/data/git_root/alinx/alinx_streamer_1/alinx_pcie_axi_1/alinx_pcie_axi_1.gen/sources_1/bd/design_1/ip/design_1_system_ila_1_0/bd_0/ip/ip_0/synth/bd_365d_ila_lib_0.v:1837]
WARNING: [Synth 8-5396] Clock pin CLK has keep related attribute (keep/mark_debug/dont_touch) which could create extra logic on its net [/home/kokunev/data/git_root/alinx/alinx_streamer_1/alinx_pcie_axi_1/alinx_pcie_axi_1.gen/sources_1/bd/design_1/ip/design_1_system_ila_1_0/bd_0/ip/ip_0/synth/bd_365d_ila_lib_0.v:1837]
WARNING: [Synth 8-5396] Clock pin C has keep related attribute (keep/mark_debug/dont_touch) which could create extra logic on its net [/home/kokunev/data/git_root/alinx/alinx_streamer_1/alinx_pcie_axi_1/alinx_pcie_axi_1.gen/sources_1/bd/design_1/ip/design_1_system_ila_1_0/bd_0/ip/ip_0/synth/bd_365d_ila_lib_0.v:1837]
WARNING: [Synth 8-5396] Clock pin CLK has keep related attribute (keep/mark_debug/dont_touch) which could create extra logic on its net [/home/kokunev/data/git_root/alinx/alinx_streamer_1/alinx_pcie_axi_1/alinx_pcie_axi_1.gen/sources_1/bd/design_1/ip/design_1_system_ila_1_0/bd_0/ip/ip_0/synth/bd_365d_ila_lib_0.v:1837]
WARNING: [Synth 8-5396] Clock pin C has keep related attribute (keep/mark_debug/dont_touch) which could create extra logic on its net [/home/kokunev/data/git_root/alinx/alinx_streamer_1/alinx_pcie_axi_1/alinx_pcie_axi_1.gen/sources_1/bd/design_1/ip/design_1_system_ila_1_0/bd_0/ip/ip_0/synth/bd_365d_ila_lib_0.v:1837]
WARNING: [Synth 8-5396] Clock pin CLK has keep related attribute (keep/mark_debug/dont_touch) which could create extra logic on its net [/home/kokunev/data/git_root/alinx/alinx_streamer_1/alinx_pcie_axi_1/alinx_pcie_axi_1.gen/sources_1/bd/design_1/ip/design_1_system_ila_1_0/bd_0/ip/ip_0/synth/bd_365d_ila_lib_0.v:1837]
WARNING: [Synth 8-5396] Clock pin C has keep related attribute (keep/mark_debug/dont_touch) which could create extra logic on its net [/home/kokunev/data/git_root/alinx/alinx_streamer_1/alinx_pcie_axi_1/alinx_pcie_axi_1.gen/sources_1/bd/design_1/ip/design_1_system_ila_1_0/bd_0/ip/ip_0/synth/bd_365d_ila_lib_0.v:1837]
WARNING: [Synth 8-5396] Clock pin CLK has keep related attribute (keep/mark_debug/dont_touch) which could create extra logic on its net [/home/kokunev/data/git_root/alinx/alinx_streamer_1/alinx_pcie_axi_1/alinx_pcie_axi_1.gen/sources_1/bd/design_1/ip/design_1_system_ila_1_0/bd_0/ip/ip_0/synth/bd_365d_ila_lib_0.v:1837]
WARNING: [Synth 8-5396] Clock pin C has keep related attribute (keep/mark_debug/dont_touch) which could create extra logic on its net [/home/kokunev/data/git_root/alinx/alinx_streamer_1/alinx_pcie_axi_1/alinx_pcie_axi_1.gen/sources_1/bd/design_1/ip/design_1_system_ila_1_0/bd_0/ip/ip_0/synth/bd_365d_ila_lib_0.v:1837]
WARNING: [Synth 8-5396] Clock pin CLK has keep related attribute (keep/mark_debug/dont_touch) which could create extra logic on its net [/home/kokunev/data/git_root/alinx/alinx_streamer_1/alinx_pcie_axi_1/alinx_pcie_axi_1.gen/sources_1/bd/design_1/ip/design_1_system_ila_1_0/bd_0/ip/ip_0/synth/bd_365d_ila_lib_0.v:1837]
WARNING: [Synth 8-5396] Clock pin C has keep related attribute (keep/mark_debug/dont_touch) which could create extra logic on its net [/home/kokunev/data/git_root/alinx/alinx_streamer_1/alinx_pcie_axi_1/alinx_pcie_axi_1.gen/sources_1/bd/design_1/ip/design_1_system_ila_1_0/bd_0/ip/ip_0/synth/bd_365d_ila_lib_0.v:1837]
WARNING: [Synth 8-5396] Clock pin CLK has keep related attribute (keep/mark_debug/dont_touch) which could create extra logic on its net [/home/kokunev/data/git_root/alinx/alinx_streamer_1/alinx_pcie_axi_1/alinx_pcie_axi_1.gen/sources_1/bd/design_1/ip/design_1_system_ila_1_0/bd_0/ip/ip_0/synth/bd_365d_ila_lib_0.v:1837]
WARNING: [Synth 8-5396] Clock pin C has keep related attribute (keep/mark_debug/dont_touch) which could create extra logic on its net [/home/kokunev/data/git_root/alinx/alinx_streamer_1/alinx_pcie_axi_1/alinx_pcie_axi_1.gen/sources_1/bd/design_1/ip/design_1_system_ila_1_0/bd_0/ip/ip_0/synth/bd_365d_ila_lib_0.v:1837]
WARNING: [Synth 8-5396] Clock pin CLK has keep related attribute (keep/mark_debug/dont_touch) which could create extra logic on its net [/home/kokunev/data/git_root/alinx/alinx_streamer_1/alinx_pcie_axi_1/alinx_pcie_axi_1.gen/sources_1/bd/design_1/ip/design_1_system_ila_1_0/bd_0/ip/ip_0/synth/bd_365d_ila_lib_0.v:1837]
WARNING: [Synth 8-5396] Clock pin C has keep related attribute (keep/mark_debug/dont_touch) which could create extra logic on its net [/home/kokunev/data/git_root/alinx/alinx_streamer_1/alinx_pcie_axi_1/alinx_pcie_axi_1.gen/sources_1/bd/design_1/ip/design_1_system_ila_1_0/bd_0/ip/ip_0/synth/bd_365d_ila_lib_0.v:1837]
WARNING: [Synth 8-5396] Clock pin CLK has keep related attribute (keep/mark_debug/dont_touch) which could create extra logic on its net [/home/kokunev/data/git_root/alinx/alinx_streamer_1/alinx_pcie_axi_1/alinx_pcie_axi_1.gen/sources_1/bd/design_1/ip/design_1_system_ila_1_0/bd_0/ip/ip_0/synth/bd_365d_ila_lib_0.v:1837]
WARNING: [Synth 8-5396] Clock pin C has keep related attribute (keep/mark_debug/dont_touch) which could create extra logic on its net [/home/kokunev/data/git_root/alinx/alinx_streamer_1/alinx_pcie_axi_1/alinx_pcie_axi_1.gen/sources_1/bd/design_1/ip/design_1_system_ila_1_0/bd_0/ip/ip_0/synth/bd_365d_ila_lib_0.v:1837]
WARNING: [Synth 8-5396] Clock pin CLK has keep related attribute (keep/mark_debug/dont_touch) which could create extra logic on its net [/home/kokunev/data/git_root/alinx/alinx_streamer_1/alinx_pcie_axi_1/alinx_pcie_axi_1.gen/sources_1/bd/design_1/ip/design_1_system_ila_1_0/bd_0/ip/ip_0/synth/bd_365d_ila_lib_0.v:1837]
WARNING: [Synth 8-5396] Clock pin C has keep related attribute (keep/mark_debug/dont_touch) which could create extra logic on its net [/home/kokunev/data/git_root/alinx/alinx_streamer_1/alinx_pcie_axi_1/alinx_pcie_axi_1.gen/sources_1/bd/design_1/ip/design_1_system_ila_1_0/bd_0/ip/ip_0/synth/bd_365d_ila_lib_0.v:1837]
INFO: [Common 17-14] Message 'Synth 8-5396' appears 100 times and further instances of the messages will be disabled. Use the Tcl command set_msg_config to change the current settings.
---------------------------------------------------------------------------------
Finished IO Insertion : Time (s): cpu = 00:01:44 ; elapsed = 00:02:07 . Memory (MB): peak = 3487.684 ; gain = 1660.051 ; free physical = 36458 ; free virtual = 51504
---------------------------------------------------------------------------------
---------------------------------------------------------------------------------
Start Renaming Generated Instances
---------------------------------------------------------------------------------
---------------------------------------------------------------------------------
Finished Renaming Generated Instances : Time (s): cpu = 00:01:44 ; elapsed = 00:02:07 . Memory (MB): peak = 3487.684 ; gain = 1660.051 ; free physical = 36458 ; free virtual = 51504
---------------------------------------------------------------------------------
---------------------------------------------------------------------------------
Start Rebuilding User Hierarchy
---------------------------------------------------------------------------------
---------------------------------------------------------------------------------
Finished Rebuilding User Hierarchy : Time (s): cpu = 00:01:46 ; elapsed = 00:02:09 . Memory (MB): peak = 3503.395 ; gain = 1675.762 ; free physical = 36444 ; free virtual = 51489
---------------------------------------------------------------------------------
---------------------------------------------------------------------------------
Start Renaming Generated Ports
---------------------------------------------------------------------------------
---------------------------------------------------------------------------------
Finished Renaming Generated Ports : Time (s): cpu = 00:01:46 ; elapsed = 00:02:09 . Memory (MB): peak = 3503.395 ; gain = 1675.762 ; free physical = 36444 ; free virtual = 51489
---------------------------------------------------------------------------------
---------------------------------------------------------------------------------
Start Handling Custom Attributes
---------------------------------------------------------------------------------
---------------------------------------------------------------------------------
Finished Handling Custom Attributes : Time (s): cpu = 00:01:47 ; elapsed = 00:02:09 . Memory (MB): peak = 3506.535 ; gain = 1678.902 ; free physical = 36460 ; free virtual = 51505
---------------------------------------------------------------------------------
---------------------------------------------------------------------------------
Start Renaming Generated Nets
---------------------------------------------------------------------------------
---------------------------------------------------------------------------------
Finished Renaming Generated Nets : Time (s): cpu = 00:01:47 ; elapsed = 00:02:09 . Memory (MB): peak = 3506.535 ; gain = 1678.902 ; free physical = 36460 ; free virtual = 51505
---------------------------------------------------------------------------------
---------------------------------------------------------------------------------
Start Writing Synthesis Report
---------------------------------------------------------------------------------

DSP Final Report (the ' indicates corresponding REG is set)
+--------------------------+-----------------+--------+--------+--------+--------+--------+------+------+------+------+-------+------+------+
|Module Name               | DSP Mapping     | A Size | B Size | C Size | D Size | P Size | AREG | BREG | CREG | DREG | ADREG | MREG | PREG | 
+--------------------------+-----------------+--------+--------+--------+--------+--------+------+------+------+------+-------+------+------+
|design_1_c2h_streamer_0_0 | A*B             | 17     | 17     | -      | -      | 48     | 0    | 0    | -    | -    | -     | 0    | 0    | 
|design_1_c2h_streamer_0_0 | (PCIN>>17+A*B)' | 17     | 15     | -      | -      | 48     | 0    | 0    | -    | -    | -     | 0    | 1    | 
|design_1_c2h_streamer_0_0 | (A*B')'         | 17     | 15     | -      | -      | 48     | 0    | 1    | -    | -    | -     | 0    | 1    | 
+--------------------------+-----------------+--------+--------+--------+--------+--------+------+------+------+------+-------+------+------+


Report BlackBoxes: 
+-+--------------+----------+
| |BlackBox name |Instances |
+-+--------------+----------+
+-+--------------+----------+

Report Cell Usage: 
+------+--------------+------+
|      |Cell          |Count |
+------+--------------+------+
|1     |BUFG          |     4|
|2     |BUFGCTRL      |     1|
|3     |CARRY4        |   807|
|4     |CFGLUT5       |   837|
|5     |DSP48E1       |     3|
|8     |GTPE2_CHANNEL |     2|
|9     |GTPE2_COMMON  |     1|
|10    |IBUFDS_GTE2   |     1|
|11    |LUT1          |  1563|
|12    |LUT2          |  2079|
|13    |LUT3          |  3907|
|14    |LUT4          |  3373|
|15    |LUT5          |  2578|
|16    |LUT6          |  5052|
|17    |MMCME2_ADV    |     1|
|18    |MUXCY         |    25|
|19    |MUXF7         |   358|
|20    |MUXF8         |    13|
|21    |PCIE_2        |     1|
|22    |RAM16X1D      |    35|
|23    |RAM32M        |   272|
|24    |RAM32X1D      |    20|
|25    |RAM64M        |    32|
|26    |RAM64X1S      |     9|
|27    |RAMB18E1      |     5|
|28    |RAMB36E1      |   105|
|33    |SRL16E        |   423|
|34    |SRLC16E       |     2|
|35    |SRLC32E       |    26|
|36    |XORCY         |    26|
|37    |FDCE          |    56|
|38    |FDPE          |    42|
|39    |FDRE          | 20551|
|40    |FDSE          |   174|
|41    |IBUF          |     3|
|42    |OBUF          |     3|
+------+--------------+------+
---------------------------------------------------------------------------------
Finished Writing Synthesis Report : Time (s): cpu = 00:01:47 ; elapsed = 00:02:09 . Memory (MB): peak = 3506.535 ; gain = 1678.902 ; free physical = 36460 ; free virtual = 51505
---------------------------------------------------------------------------------
Synthesis finished with 0 errors, 0 critical warnings and 29938 warnings.
Synthesis Optimization Runtime : Time (s): cpu = 00:01:31 ; elapsed = 00:01:58 . Memory (MB): peak = 3510.449 ; gain = 1602.906 ; free physical = 41468 ; free virtual = 56514
Synthesis Optimization Complete : Time (s): cpu = 00:01:47 ; elapsed = 00:02:12 . Memory (MB): peak = 3510.449 ; gain = 1682.816 ; free physical = 41523 ; free virtual = 56527
INFO: [Project 1-571] Translating synthesized netlist
Netlist sorting complete. Time (s): cpu = 00:00:00.37 ; elapsed = 00:00:00.37 . Memory (MB): peak = 3516.441 ; gain = 0.000 ; free physical = 41482 ; free virtual = 56486
WARNING: [Netlist 29-345] The value of SIM_DEVICE on instance 'design_1_i/xdma_0/inst/design_1_xdma_0_0_pcie2_to_pcie3_wrapper_i/pcie2_ip_i/inst/inst/gt_top_i/pipe_wrapper_i/pipe_clock_int.pipe_clock_i/pclk_i1_bufgctrl.pclk_i1' of type 'BUFGCTRL' is 'ULTRASCALE'; it is being changed to match the current FPGA architecture, '7SERIES'. For functional simulation to match hardware behavior, the value of SIM_DEVICE should be changed in the source netlist. 
INFO: [Netlist 29-17] Analyzing 2548 Unisim elements for replacement
INFO: [Netlist 29-28] Unisim Transformation completed in 0 CPU seconds
WARNING: [Netlist 29-1115] Found multi-term driver net: design_1_i/util_ds_buf/U0/<const0>.
INFO: [Project 1-570] Preparing netlist for logic optimization
INFO: [Opt 31-140] Inserted 4 IBUFs to IO ports without IO buffers.
INFO: [Opt 31-141] Inserted 4 OBUFs to IO ports without IO buffers.
INFO: [Chipscope 16-324] Core: design_1_i/system_ila_1/inst/ila_lib UUID: 1ac8c4c2-d1ac-5faa-b5d9-9a6ca09c91e7 
INFO: [Opt 31-138] Pushed 0 inverter(s) to 0 load pin(s).
Netlist sorting complete. Time (s): cpu = 00:00:00.01 ; elapsed = 00:00:00.01 . Memory (MB): peak = 3610.059 ; gain = 0.000 ; free physical = 41599 ; free virtual = 56602
INFO: [Project 1-111] Unisim Transformation Summary:
  A total of 1212 instances were transformed.
  (MUXCY,XORCY) => CARRY4: 7 instances
  CFGLUT5 => CFGLUT5 (SRL16E, SRLC32E): 776 instances
  CFGLUT5 => SRLC32E: 61 instances
  RAM16X1D => RAM32X1D (RAMD32(x2)): 35 instances
  RAM32M => RAM32M (RAMD32(x6), RAMS32(x2)): 272 instances
  RAM32X1D => RAM32X1D (RAMD32(x2)): 20 instances
  RAM64M => RAM64M (RAMD64E(x4)): 32 instances
  RAM64X1S => RAM64X1S (RAMS64E): 9 instances

Synth Design complete | Checksum: f5d5d858
INFO: [Common 17-83] Releasing license: Synthesis
768 Infos, 429 Warnings, 0 Critical Warnings and 0 Errors encountered.
synth_design completed successfully
synth_design: Time (s): cpu = 00:01:59 ; elapsed = 00:02:24 . Memory (MB): peak = 3610.094 ; gain = 1988.594 ; free physical = 41617 ; free virtual = 56620
INFO: [Common 17-2834] synth_design peak Physical Memory [PSS] (MB): overall = 8203.907; main = 2666.739; forked = 5930.999
INFO: [Common 17-2834] synth_design peak Virtual Memory [VSS] (MB): overall = 17368.496; main = 3610.062; forked = 13997.621
Write ShapeDB Complete: Time (s): cpu = 00:00:00.11 ; elapsed = 00:00:00.04 . Memory (MB): peak = 3634.070 ; gain = 0.000 ; free physical = 41618 ; free virtual = 56625
INFO: [Common 17-1381] The checkpoint '/home/kokunev/data/git_root/alinx/alinx_streamer_1/alinx_pcie_axi_1/alinx_pcie_axi_1.runs/synth_1/design_1_wrapper.dcp' has been generated.
write_checkpoint: Time (s): cpu = 00:00:06 ; elapsed = 00:00:06 . Memory (MB): peak = 3634.070 ; gain = 23.977 ; free physical = 41644 ; free virtual = 56700
INFO: [Vivado 12-24828] Executing command : report_utilization -file design_1_wrapper_utilization_synth.rpt -pb design_1_wrapper_utilization_synth.pb
INFO: [Common 17-206] Exiting Vivado at Thu Aug 13 17:00:30 2026...
